class0_most_common,class1_most_common,class2_most_common,class3_most_common,class4_most_common
어,.,.,.,어
.,어,하,어,하
하,?,?,?,!
?,이,이,하,이
이,아,어,아,?
아,하,아,이,아
는,고,는,는,는
가,가,가,가,.
고,는,고,야,ㄴ
!,돈,ㄴ,고,가
ㄹ,야,네,ㄴ,에
야,ㄴ,ㅂ니다,나,도
었,나,에,었,을
나,에,었,지,었
ㄴ,주,습니다,니,있
을,네,나,네,은
지,없,ㄹ,거,고
거,ㄹ,야,!,ㄹ
에,었,도,도,좋
게,!,거,게,보
니,알,죄송,에,야
너,다,것,ㄹ,나
네,있,게,다,그리하
면,거,겠,너,다
도,니,알,을,지
다,지,지,것,겠
알,게,을,왜,게
주,면,있,보,에서
내,어요,은,말,면
겠,을,아니,알,자
것,도,저,아니,것
있,그,일,냐,응
말,안,님,은,되
은,보,시,느,를
느,되,면,주,그러
안,좀,니,면,로
보,은,다,있,여
그,내,보,안,수
죽,저,그,그,어야
그러,것,!,뭐,같
만,만,좀,그러,들
저,그러,없,좀,알
아니,말,되,없,맞
왜,요,말,어서,그
없,시,안,겠,어서
되,겠,그러,시,짜
를,어서,주,는데,시
시,느,어서,요,ㄹ까
요,세요,씨,내,거
세요,왜,오,저,았
ㅂ니다,는데,어요,그리하,의
죽이,너,는데,라,굿
버리,냐,그리하,진짜,오
내가,그리하,대리,되,ㅁ
어요,아니,들,ㅂ니다,싶
그리하,진짜,내,마,네
지금,라,같,어요,그래서
습니다,오,뭐,았,더
뭐,여,요,들,으로
어서,았,왜,같,너무
로,이거,회사,여,어떻
들,안되,아서,그렇,는데
냐,만원,를,ㄴ데,대
죄송,지금,지금,오,먹
진짜,뭐,오늘,만,주
았,사,김,잖아,그럼
라,ㄴ데,만,세요,나도
는데,내가,ㄴ데,우리,레
못,좋,로,내가,이야
여,내노,았,그냥,어떠
의,한테,으로,죄송,뭐
자,잖아,너,를,같이
으로,로,냐,무슨,경기
으면,건,어야,니까,다음
싶,맞,그렇,한테,많
사람,들,부장,그만,어디
우리,빌리,내가,애,어떤
마,ㅂ니다,라,아서,많이
수,으로,무슨,기,여도
같,빌려주,사람,맞,아서
어야,ㅁ,건,지금,을까
더,그냥,여,미안,기
제발,여기,느,너무,안
무슨,으면,못,으로,일
한테,ㄹ게,제가,사람,아야
좀,니까,먹,못,과
오,기,까지,서,기대되
ㄴ데,쓰,쓰,로,않
않,ㄴ다,못하,습니다,잘
니까,습니다,더,먹,오늘
까지,어야,서,다니,그렇
그냥,를,우리,에서,가보
기,아서,않,어야,서
잖아,우리,ㄴ가,여기,재밌
그렇,더,잘,싫,없
살,자,기,라고,건강
에서,무슨,세요,친구,생각
일,오늘,니까,새끼,ㄴ데
아서,친구,에서,응,때
좋,못,너무,잘,한국
ㄴ다,까지,과장,다고,군요
발,미안,좋,좋,사
말하,가지,아요,ㄴ다,언제
돈,싶,생각,으면,만
맞,드리,때,때,우리
이야,잘,으면,자,꼭
정말,원,싶,엄마,맛있
서,엄마,한테,사,내
잘,싫,시간,듣,ㄹ게
다고,마,라고,더,응원
라고,이번,수,건,더라
살리,때,자네,랑,기대
건,죠,이번,ㅁ,여행
이러,빨리,ㅁ,무엇,좋아하
어떻,그럼,진짜,이거,친구
여기,의,그냥,님,힘들
ㄹ지,수,업무,말하,어요
새끼,일,자,고객,사람
모르,ㄹ래,죠,살,받
때,나오,의,치,영화
미안,돌려주,이것,집,러
듣,그렇,휴가,얘,와
ㄹ게,같,말씀,데,선수
하나,받,이거,나오,어야지
생각,이야,안되,수,해보
신고,에서,듣,않,라
줄,서,다시,어디,마
가족,줄,다고,돈,고맙
칼,이것,내일,못하,손
터,정말,다니,드리,니
싫,다고,말하,의,을까요
집,제발,어떻,생각,민
당장,어떻,나오,싶,음식
어디,죄송,이렇,거지,갈
시간,응,ㅂ니까,손님,이번
안되,집,어도,일,겠다
나오,살,어야지,어떻,으면
당신,죽,잖아,받,만나
헤어지,사람,그럼,이야,박
어도,한,커피,이것,곳
먹,아야,줄,어도,임
한,갚,팀장,얼굴,흥
딸,ㄹ게요,하나,입,맛
전,누,사,안되,한
ㄹ까,전,부터,냄새,렬
이제,이러,여도,나쁘,김
누,치,시키,까지,다고
애,데,한,기분,운동
한번,터,모르,옷,시간
못하,새끼,정말,쓰,진짜
데,그거,애,ㄴ다고,왜
정신,에요,받,와,에게
ㅁ,않,싫,환불,머
이것,어디,이야,줄,좌
무엇,와,사원,까,아도
치,라고,요즘,모르,주말
시키,한번,많,이러,노
그만,라도,어디,아요,말
잘못하,얼마,아직,죠,","
빨리,발,같이,오늘,가자
랑,ㄴ다고,일하,빨리,힘
경찰,구,마,그럼,중요
주세,저번,맞,해,겠어
오늘,뒤지,부탁,시간,나오
그럼,형,퇴근,남자,멋지
미치,가져오,빨리,이렇,그리고
ㄹ게요,생각,ㄴ다고,못생기,듣
ㄴ다고,신고,앞,은데,'
이거,너무,데,가지,때문
두,먹,여기,쟤,번
친구,당장,집,웃기,쓰
까,필요,친구,누,1
차리,거기,참,뭔,니까
부터,내일,드리,생기,추천
대로,많,이런,한,이기
라도,는데요,나요,개,그리
다시,버리,아야,놀,집
앞,지갑,와,ㄴ가,축구
소리,이제,에요,널,근데
아야,어도,주말,하나,못
이렇,랑,다른,정말,좀
너무,저희,라도,아야,라고
구,말하,무엇,장애인,마음
입,하나,까,따,지만
날,꼭,누,돼지,어도
같이,가방,는데요,같이,팀
죠,제가,얘기,저희,레게
살려주,씨,잘하,ㄹ게,기분
가지,다니,해,앞,까지
갚,ㄹ까,갈,저기,지금
눈,달,처리,보이,~
잘못,거지,랑,에요,걱정
어야지,모르,네요,ㄹ지,위
뭔,님,안하,라도,다른
때문,보내,뭐하,구,모르
쓰,어이,전,심하,부터
받,아요,상사,이제,최고
끄,나도,새끼,제발,이래
아이,시간,ㄹ지,많,열심히
엄마,여도,지만,발,으시
널,내놓,어서요,다시,2
다니,애,밥,또,괜찮
참,보이,돈,네요,잘하
기다리,당신,니요,그거,함께
드,듣,직원,학교,대단
해보,까,가지,근데,데
내리,달라,은데,눈,ㄹ래
ㅂ니까,또,남,선생님,이나
에요,가져가,바쁘,낳,글
갈,그것,때문,아프,이야기
ㄴ가,많이,하라,넣,전
자꾸,아이,힘들,죽,스럽
협박,근데,잖아요,소리,면서
ㄴ지,입,타,제가,ㅋㅋ
아요,용돈,박,ㄹ까,상황
는지,이렇,약속,이런,해
목숨,구하,혹시,힘들,쿠
이런,놓,이랑,잖아요,아직
해,번,ㄹ게요,부모님,만들
손,ㄹ지,또,불편,중
든,갈,ㄴ가요,보다,요
아들,입금,승진,때문,인기
넣,밖에,사장님,으니까,우승
동생,은데,이나,터,려고
장기,무엇,생활,ㄹ래,살
조금,두,이러,미치,마시
번,ㄴ가,살,공부,봐야
믿,이리,이렇게,신고,핫
노,든,번,부터,ㄴ가
제가,선물,ㄴ데요,해보,나요
제,주세,똑바로,사진,랑
잘하,꺼,어제,여도,대표팀
놓,어야지,저번,길,위하
팔,으시,머리,면서,앞
걸,저기,많이,병신,봄
건들,정도,구,이렇게,내일
드리,잠깐,ㄹ까요,ㄴ지,아니
이번,조금,팀,이래,내가
아직,아도,치,ㄹ게요,못하
만들,힘들,한번,장난,드라마
사,만들,입,어야지,박이
짓,사진,려고,아도,예쁘
아주,고맙,거지,휴,어렵
식,비싸,달,대,돈
피,봐주,그거,이번,월
그것,누구,그것,다리,느
안하,학교,러,자꾸,무엇
오빠,마지막,근데,그런,3
자식,이랑,나가,이상,읽
차,얼마나,ㄴ지,ㄹ라고,배우
아도,몇,해보,이쁘,정말
어쩌,거짓말,제대로,갈,기다리
려,학생,면서,두,요즘
나가,다시,아주,전,골
누구,으라,다는,버리,피부
얘기,ㅂ니까,ㄴ다,괴롭히,크
조용히,생일,언제,려고,제일
놈,잖아요,쉬,씨,는군요
때리,보내주,신입,놀리,방법
장난,뭔,두,키,연기
할거,앞,열심히,몇,덜
꼭,넣,보다,이나,제품
무섭,준비,연차,그래서,다그
조심,못하,터,끄,팅
만나,부탁,선배,아빠,문제
언제,주라,다르,걸,리
아프,아빠,걸,외,멋있
보이,머,회식,말씀,얘기
라는,신,문제,아이,잖아
응,카드,다음,따라하,강
여도,혹시,그런,머,ㄴ다
풀,으니까,습니까,잘하,일본
선생님,그만,끝내,분,ㅠㅠ
지만,핸드폰,뭔,크,너
잖아요,닿,야근,만나,재미있
절대,김,혼자,참,은데
몇,갖,자기,다른,생기
씨,그래서,도록,맨날,계속
부탁,부터,중요,여자,거지
찌르,어딨,길동,어쩌,보다
자네,드,남자,머리,걸
힘들,해,마시,이랑,건
으니까,억,제대,얘기,가족
원하,일단,이제,으시,ㄹ지
확,다르,눈치,놓,대하
먼저,대,예,지만,보이
이렇게,려,몇,꺼지,아쉽
다른,하루,적,안하,드
이래,외,그래서,시키,도움
소리야,이런,리,찌,넘
사과,경찰,잘못,한번,넣
디,오빠,주임,몸,아프
러,어쩌,이래,문제,다르
또,현금,는지,잘못,사진
여자,크,월급,는데요,길
신,옷,보이,오빠,시즌
와,이나,놓,너희,유명
형,바로,분,많이,다니
시끄럽,정신,자리,더럽,찍
사랑,부모님,ㄹ까,걷,항상
나도,갑자기,옷,꺼,책
낳,소리,갑자기,주제,분
내일,이쁘,정리,라는,그거
얼굴,끄,으시,남,얼마나
다는,참,어렵,라니,놀
생기,주머니,보고서,드,열리
ㄹ래,주면,저희,주세,아이
자고,씩,휴,갑자기,원
뽑,려고,괜찮,다르,와인
이미,같이,여자,안녕,라니
남자,요즘,점심,어이,느끼
계속,비,끝나,찍,아요
였,제,어쩌,리,비
려고,어제,장난,찧,년
그런,장사,술,씻,편하
세상,차,인턴,형,대회
하면,장난,식,사과,적
뒤지,안녕,노,재밌,감독
분,배,프로젝트,존나,4
거지,예쁘,스,잘못하,웅웅
다리,믿,그만,좋아하,고민
나랑,ㄹ까요,밖에,였,해지
진정하,아직,원래,스,터
저희,널,죽,는지,두
말씀,찍,다녀오,나도,아름답
달,딸,그리,완전,구나
아무,다음,감사,언제,라는
전화,얘,들어오,구나,조금
갑자기,네요,가보,다가,토트
구하,미치,부르,당장,다양
문,다는,만들,손,치
얼마나,ㄴ데요,놈,나가,노력
아저씨,벌,으니까,무섭,준비
둘,팔,배우,노,옷
아빠,괜찮,이리,짜증나,아내
대,스,출근,나요,예약
마지막,길,조금,그것,몸
하라,원하,소리,하다,파이
일단,나요,생기,뭐하,무슨
님,회사,올리,테,한테
에게,사장님,머,만들,즐기
은데,바,작성,다음,이랑
보다,지만,정,밥,조심
바로,얼른,직장,제,속상하
들어가,꺼지,빠지,아직,부모님
외,조용히,먼저,기다리,치료
그래서,동생,민,당신,말하
건드리,담배,인사,때리,병원
뭐하,이렇게,외,전화,호
가져오,다른,뽑,부탁,타
필요,분,어이,계속,대박
너희,계좌,얼굴,거기,월드컵
이랑,해보,날,얼마나,필요
그거,지우,사정,하라,회사
열,때리,수정,늦,남편
오해,자식,얼마나,조금,날
저기,기다리,기분,ㅂ니까,공
많이,알바,저녁,거든,야지
죄,자네,저기,다는,ㄹ까요
뿐,아들,신,려,ㄴ다고
몸,딱,라는,괜찮,최근
길,였,대로,신,관리
약,는지,차,으,또
기분,선생님,부,놈,슬프
근데,을래,다하,가게,남
기회,ㄹ라,넣,사실,효과
부모님,손,늦,러,공연
죽여주,값,맨날,그만하,몇
정도,빵,였,확인,좋아지
거기,시계,던데,우,브랜드
이상,어울리,정신,불쌍,이제
봐주,번호,정도,마음,작품
똑바로,차리,서류,딱,벌
마시,자고,당장,봐,엄청
도록,몰르,드,덜,차
개,사정,준비,장애,높
인생,그런,회의,빵,계획
나요,신발,마무리,이리,만하
상황,천,중,어제,5
당,학원,잠깐,요즘,팬
다음,살리,바로,뚱뚱,하나
밖에,나가,선생님,아가씨,시키
머,개,아침,날,라도
어이,시키,그리고,혹시,바다
남,담,대신,울,산
ㄹ라고,테,미,자리,까
가만,남편,계속,점,있었
처럼,빌,부서,저리,렬루다
사실,학원비,가요,정신,음
지키,죽이,대,그리고,호텔
아줌마,연락,말대꾸,누구,물
약속,남,심하,에이,아야지
딱,도와주,강,바꾸,서울
마음,어렵,아들,ㄴ가요,가격
잠깐,아저씨,버리,작,류
병원,ㄴ지,나쁘,닿,빨리
이야기,어머니,갔다오,김,팔
면서,따,밖,ㄴ데요,여야
다가,전화,하면,사장,충
구나,ㄴ가요,자료,음,공부
어제,날,딸,열심히,게임
잡,비밀,응,배달,후
덜,폰,꼭,어렵,성적
새,란,가족,꼴,유
준비,목걸이,길,처럼,...
꺼,정보,처음,년,하다
끝,을게,신경,식,낳
ㅂ시오,예,말씀하,정도,어제
ㄴ가요,열,누구,음식,시작
연락,확,이쁘,자식,개
년,면서,아도,그리,엄마
밤,급하,필요,아냐,티
ㄹ라,걸,따위,번호,야구
자르,아버지,여요,물,워
대체,언제,노력,돌려주,홍
벌,밥,물어보,넌,첨
밥,어떻게,눈,똑바로,네요
들어오,일로,봐주,재,가야
보내,돌,과,차,거래
없이,대신,몸,가만히,등
간,영상,에이,소리야,던데
테,생기,고치,부르,보내
찾,아줌마,ㄴ다는,빼,부산
라니,이건,ㄹ래,노력,시작하
끝나,만나,하세,들리,힐링
총,차비,아프,둘,음악
당하,거든,능력,오라,토요일
행동,더라,만나,으니,는지
고소,러,나랑,반,다는
진정,없다,부분,수업,줄
그때,나쁘,확인,올리,여름
많,짓,급,원,자주
밖,놈,티,나이,비싸
다르,소리야,든,몰르,방송
예,이상,빼,타,신경
형님,구나,ㄹ게,신경,한번
으라,리,뇨,적,향수
어차피,말씀,미안,번,결과
곳,오라,넵,불르,찾
여보,부르,부모님,예쁘,걸리
김,벗,나이,아주,분위기
거짓말,감사,아이,나랑,화장품
가만히,자꾸,일도,혼자,가능
거든,길동,이건,쉬,7
웃기,피,잔,민,현진
기억,당하,라면,어서요,ㄴ가요
몰르,나랑,발,으면서,베
닥치,음,잡,벌,알려주
고통,말로,곧,걸리,ㄴ지
죽여,ㄴ다는,죄,니요,..
올리,에이,입사,이름,광
ㄴ다는,웃기,장님,장,들어보
하세,그런데,더라,내일,저
이리,마세,꼴,비,가지
운전,주신,음,믿,점
네요,보다,테,똑같,날씨
으시,되잖,요새,보고,스트레스
하다,털,은데요,ㄹ까요,우
평생,낳,말씀드리,예,%
던데,그때,대학,어딨,속
실수,라는,소문,할거,환경
넌,가족,처럼,뿐,다시
이나,하면,자식,어떡하,행복
대화,안하,하루,조심,골프
손가락,으니,불편,당하,결혼
머리,나중,자꾸,하하,저녁
니요,단,피,알바,약
뒤,우,벌,척,정도
닿,병원,편하,끝나,즐겁
잠,백,끄,아무,입
마세,라니,낳,자기,얼마
무시,끼리,그만두,더라,피
하루,바꾸,이야기,적당히,인터넷
습니까,다가,학교,들어가,진출
찍,니요,이상,짓,커피
담배,사이,을까요,길동,체험
빌리,한대,제,인정,ㅎㅎ
괜찮,올리,근무,결혼,당하
물건,무섭,라니,동생,싱
아야지,물건,실수,디,스
다면,군,돕,달,예방
봐,던데,제출,꼭,싫
무사,반,들어가,심,그때
맘,걱정,급하,닮,알아보
불,이요,려,틀리,볼
는데요,중요,송,어리,해결
군,노,ㄹ라,앉,늘
리,이미,마음,빌리,첫
저번,고요,더니,없이,불안
학교,돕,미리,가요,군
말로,어서요,다가,맘,중이
ㄴ다면,다니까,위,걱정,코로나
심하,다음주,잘못하,거짓말,GBJG
적,가보,나중,마다,별
곧,년,묻,마세,혼자
빼,아끼,떨어지,조,응응
그리고,그리,이유,미,지내
도대체,허,고요,바보,짱
따,문제,아무리,피하,으니까
손님,대로,하하,더니,바
쏘,찾,사회생활,던데,성
크,여자,하다,바,거든
더라,잠시,사무실,말대꾸,하지만
해결,뿌리,원,따라오,단
영상,잘못,년,딸,찾아보
스,금,작업,던지,자식
ㄴ데요,받으,해고,밖,양
회사,가게,개인,ㄹ라,생활
척,없이,비,고맙,10
묻,할거,오해,일하,달
께,천만,아까,어울리,흥미
어떻게,적,부당,하면,강하
몰,몸,놀,차리,스타일
사라지,뭐하,으니,든,궁금하
니깐,아프,크,피,해야
우습,밖,동기,비싸,심하
각오,나한,대들,남편,리그
던지,들어오,하여튼,잡,가장
아냐,잘못하,ㄹ라고,너무하,문화
걷,전부,미치,계산,섬
요즘,덜,이름,어른,께
꼴,절대,군,냄새나,아들
보내주,백만,아야지,무시,여자
노력,가요,으라,맛있,6
방법,계속,아서요,다하,8
도와주,중,교육,하세,산책
부르,간,아냐,잠깐,제주도
와이프,뽑,차장,저번,이유
찢,보세,나도,물건,조
꺼지,먼저,끝,다며,대구
위험,부,맞추,짜,그런
쉽,얘기,상관,라면,바래
바,처음,개,호,마을
얼른,편의점,맡기,저렇,라면
부,짜증나,돌아가,싸,신
내노,ㄹ라고,기다리,역겹,최
어떡하,께,데리,늘,디
술,모으,그런데,아파트,헤
짜증나,좋아하,좋아하,길래,FC
이유,뇨,화장실,ㄴ다는,선택
죽기,끝나,평가,쳐다보,술
으니,야지,손,그렇게,하면
아내,쓸,결혼,중,대화
을까,버스,에게,달라,이상
달라,너무하,조,밖에,무섭
울,려면,그때,매일,학교
사진,확인,그렇게,이기,르
혹시,주고,믿,부모,일요일
우리집,오랜만,도와주,태어나,이런
떨어지,때문,아무,끼리,쇼핑
처리,병원비,꼬라지,주문,현
이쁘,상황,딱,아저씨,요리
늘,손님,참석,치우,모두
세,협박,젊,유,콩
증거,언니,보내,싸우,궈궈
사정,새로,선생,질,직장
독약,남자,이따,닥치,나이
확인,새,옆,으라,님
바람,에게,닿,라서,장
대신,가야,차리,코,일정
수가,완전,허,어머니,시청률
지내,얼굴,곳,떨어지,참
글,다치,짓,교육,레쭈
번째,습니까,막,솔직히,외
어렵,티,잘되,끼,세
일주일,부족,생신,제대로,정
과,증거,라서,상,고고
똑같이,친하,제발,계시,특히
좋아하,할머니,상,굴,키우
위하,남기,당하,아까,키
바쁘,당,자고,겁,화
나한,어머님,으면서,쓰레기,화가
속,아무것,얼른,여요,쉽
더니,소문,다음주,뭐래,처럼
중,목숨,보고,자고,세요
나쁘,소,널,상관,공원
중요,여요,던지,보내,자연
며,조,세,재미,롭
명,생활,지나치,이야기,웃기
주차,ㄴ다니까,이미,성적,새
얘,상관,늘,째,선
번만,시끄럽,답답,흑,구
배,칼,지은,나한,파
제정신,어떡하,고서,학원,감정
타,이유,주세,지내,당황
내려놓,하다,거기,장사,인
부모,형님,하지만,듯,승
움직이,디,맘,부,노래
선택,고프,모양,바쁘,할인
달리,끼,임,피해,먼저
얼마,넘기,알아듣,지나가,힘내
가져가,임,가르치,관리,모습
찾아가,그래,표정,조용히,사랑
부러뜨리,라서,넌,곳,갓
그리,세상,내이,바로,나중
키,아냐,대체,새,카페
원래,고객,바,언니,통증
씩,이래,결혼식,니깐,나가
감사,결혼,게요,지우,투어
먹이,장,찾,방,9
그딴,으세요,느리,이르,기쁘
데리,마시,올,대체,챙기
처음,지키,ㄴ다니까,고요,도쿄
용서,뺏,예쁘,왕따,암
감히,을까,일찍,경찰,카
불르,막,청소,비키,눈
오랜만,째,없이,맛,수도
소문,아깝,둘,되게,마스크
악,자릿세,어리,욕하,취업
기사,처럼,덜,안해,시장
열받,노트북,신고,진정,작
할머니,책,한잔,이유,줄이
ㄹ까요,이름,벌써,생,자랑
문제,일주일,별로,뒤지,16
아무것,알아듣,란,매,뮤지컬
싹,네네,집안,원래,윤
정리,휴대폰,어딨,아야지,이렇
스럽,잃어버리,안해,치마,으면서
쓰레기,훔치,걸리,드시,매일
친,타,최대,마스크,관심
사장님,지나,따박따박,성격,배
목,안주,얘,들어오,자신
환자,뒤,틀리,지랄,다가
훔치,들어가,몰르,팔,가을
어라,끝,고는,아줌마,떠나
패,쪼,일로,아들,신기
사귀,천원,알려주,데리,코
마다,멀,꺼,어머님,후회
끊,묻,끼,청소,꾸르
잊,얼르,핑계,을까,잡
신장,기분,가져오,친,미
편하,월급,께서,푸,떨어지
떼,살려주,도대체,필요,사야
옆,엄청,힘,이미,편
알리,계시,려면,임,밤
다니까,얼,일은,에게,세계
게임,합의,맛,을래,구경
히,지내,짜증나,헤어지,약속
잠시,눈,상황,병,롱
미,굴,대답,마시,사용
그쪽,민,쯧쯧,커피,세우
후회,자기,본인,생활,축제
누나,바쁘,열,따르,활동
동안,서로,사회,대신,올리
쥐,닥치,책상,정,재
만큼,라면,으러,직원,뛰
자기,너희,디,사장님,꽃
뻔뻔,아주,사실,가족,남자
협박죄,도록,이요,넘,으러
가요,별,월,소문,영화관
최대한,내주,매번,보라,득점
일로,아무,봐,숙제,느껴지
설마,통장,사용,티,벚꽃
애초,니깐,넘,잡종,즈
피하,던지,뿐,아이스,느낌
상관,직장,너무하,토,변화
호,아야지,점심시간,허,믿
주시,편하,말대답,배,뭐하
공부,하세,취소,아깝,쭈아
시험,ㄴ다며,쯧,오해,방
질,놀,ㅂ시다,할아버지,내이
잃,곳,영,곧,오래
키우,ㄴ대,어떡하,행동,액션
알아듣,꺼내,일정,다니까,연락
찾아오,마다,생일,옆,궁금
지나,산,최,뒤,그러면
음식,반지,매일,자네,출연
혼자,혼자,ㅂ시오,얼마,계시
가게,일하,불르,괜히,버리
놀,아까,동안,저러,안전
군지,만큼,부족,가시,전시
고맙,마련,후,걔,드리
쪽,데리,사적,가난,걷
생,질,전달,수준,수술
배신,돼,조심,담배,애
에는,며칠,세상,제대,회
여요,잘하,짤리,다면,출전
마련,야죠,개인적,으세요,캠핑
대가리,봐,지수,제일,의사
어떤,거래,절대,다녀오,쉬
없었,아드님,욕,대학,온라인
모든,몰,유,남친,30
꺄,사장,우습,돼,려면
을지,그리고,최선,가리,받으
수도,십만,수진,준비,사용하
단,이자,물,나중,누
무릎,사랑,때리,키우,피자
순간,가라,담당,말씀하,훈
계시,둘,으세요,예민,축하
니들,뿐,장,불,킹
쟤,늘,느라,지나,특별
해지,선배,미루,별로,습니다
사이,준거,사과,대답,해변
빌,금방,구나,만하,병
난,그렇게,할거,먼저,작가
걸리,쉽,시정,하루,다이어트
각서,해결,기획,머리카락,일하
오라,ㄴ단,들리,빌려주,나아지
함부로,어차피,뒤,잠시,ㄴ대
네네,말귀,몰,뜨,자꾸
괴롭히,그동안,보내주,목,누구
이빨,키,아깝,처음,싸우
음,동안,바꾸,사랑,숲
따르,걷,어떠,가져가,라서
주변,사기,하자,폰,극장
여야,방금,저러,어떻게,둘
꿇,다며,실,이건,프로그램
주소,잔말,챙기,돌,없이
지라,환불,어차피,인생,상
억울,더니,막히,니야,스타
위,누나,막내,쪽팔리,역할
을래,통하,정규직,카페,당근
교육,잖,나한,물어보,삼성
다하,코,다면,관심,주변
주면,돈은,데이트,구매,확인
갖,유출,다니까,구요,가면
내놓,공개,남친,나라,거리
망치,동영상,승,웃,식단
그렇게,공부,도움,절대,명
던,보시,척,시험,휴가
휴,업체,업체,잖,맨
알바,ㅂ시오,새,가슴,질환
다치,불르,아이디어,끝,ㅂ니다
그동안,만만,군대,귀,올해
법,빼,쟤,낫,다행
소,으면서,분위기,약속,단내
들리,만하,질,죄,심
벌써,가만히,잘리,빡,려
나타나,박,맛있,을까요,아빠
안해,는다고,역시,게임,질
니야,배고프,이딴,거잖,스포츠
웃,수술,가야,야죠,메시
거슬리,푼,비서,쪽,불편
학생,겨우,괴롭히,보내주,영
소중,잃,카드,붙,어울리
범죄,원래,알리,신기,치아
나르,멈추,관리,편하,어떻게
아까,깔,동료,배고프,조절
어머님,용서,밀리,주라,다녀오
화나,보고,여행,스럽,판매
털,싸,웃기,께서,우내
란,끊,을까,사이,벗어나
차라리,식,미팅,며,완전
대하,대리,모두,건들,연
아악,넘,시끄럽,욕,일단
뛰,기로,께,어차피,수영
빠지,머리,윤,오래,미안
착각,똑바로,마다,답답,으니
어머니,세,민수,감,바로
넘어가,금액,골프,헐,오르
맨날,범죄,냄새,아무리,소리
쑤시,께서,전화,묻,상담
손목,구역,벌점,신발,고기
아무리,돌리,공지,연락,ㄹ라
겠다,자랑,예약,스타일,관계
그래,벋,여서,간,패션
답,사업,제일,배우,소
제대로,거잖,어울리,윽,투
털리,다음달,들이,술,마다
없다,유,똑같,잘나,죽
으세요,정,행동,최,맥주
지나가,자료,웃,엥,거구
길래,필요없,심,가세,프랑스
째,인,거든,할머니,동안
끝내,사실,법,제품,유지
느끼,어른,방법,가져오,성장
혀,만지,거절,급,안녕
상관없,오시,안녕,꺄,예매
늦,오래,꼬박꼬박,한국,며
넘,싹,고졸,규정,하루
카,찌,카페,기요,역사
맘대로,매점,보시,당연히,울
기로,찾아가,앉,대가리,시원
적이,키우,만만,망하,씨
돌아오,챙기,완전,부족,결정
대학,문,알아보,도록,예전
번호,느라,싸가지,철,검진
뜨,계산,불만,도대체,무
고요,방,좋아지,힘,도시
끼,열심히,이봐,다고요,성공
남편,직접,주의,서비스,접종
민,떨어지,대꾸,오시,테
돌리,끝내,내용,내노,역시
얼르,이야기,회장,몰,밥
우선,며,철,고치,예
항상,민수,이틀,짧,12
반말,최대한,싸,따위,제주
알려주,넵,한데,야지,물어보
장,슬,야지,박히,는구나
하하,인생,받으,빠지,드시
대답,척,대가리,부럽,끝나
받으,잡,맡,일단,말씀하
걱정,아라,진행,걍,프로
두고,화나,어떻게,뛰,감사
굴,사고,고생,자라,이해
들어보,목,출장,해지,과일
나이,니야,밤,동네,나누
지옥,소중,이사,화장,부
운,으,담,영수증,편안
피해,문제집,구요,아무것,들어가
길동,사먹,소개,시비,노후
경찰서,지난번,오래,아끼,휴식
물,유포,앗,누나,초
곤란,던,ㄹ래요,이해,모레
이혼,부탁드리,어머니,걸레,11
보고,은행,닦,난쟁이,진
어리,약속,가시,설마,운
으면서,따라오,금,군지,아무
다구요,지나가,굴,일부러,담
넘기,어리,보여주,란,딸
배우,신상,부모,카,새롭
방,번만,오시,어쩧,아침
어딨,보라,무시,글,매력적
필요없,사주,만큼,보여주,걍
나중,곧,꺼지,께,용
있었,가시,니깐,멍청,천
너르,알려주,반,웩,부상
주라,내보,게임,지가,예술
하자,맛있,기로,내리,이름
주제,동네,최대한,애가,ㄴ다는
숨,술,연습,앗,선생님
어쩧,ㅂ시다,저렇,고는,상금
담,안녕하,차라리,불쾌,도와주
는다고,헉,회사일,올,였
비,떡볶이,아버지,도움,귀찮
망하,신어,임신,취급,식사
지르,보여주,얼마,인사,번째
지치,마음,메일,새로,히
재수,해지,치마,갈게,저렴
뻔하,기간,탕,여행,든
모두,주민,수업,단,미국
찔리,철수,당신,돕,구하
불법,알리,우리팀,라며,에요
정,곤란,지연,뇨,멀
통하,꼴,방금,수행,내용
을게,쳐다보,엄청,역시,로맨스
감방,기회,지가,부분,풀
다음주,결제,해결,놀라,관광
임,별로,키우,개새끼,바꾸
겁,보상,점,선배,거기
무,저녁,정하,재미없,경험
막,재산,새로,마라,대학
땋,이봐,기본,분명,귀엽
놀리,내고,부탁드리,화나,위험
보라,풀,휴직,썩,경기도
존나,명품,알바,꼬리,따르
미친놈,숨기,주신,증거,구매
서로,히,지시,대로,증상
허튼,미,오후,편,우리나라
마라,나이,각오,안녕하,그런데
걔,맛,책임지,애기,향
더럽,기억,곤란,휠체어,연습
건물,이해,우리집,버스,부족
치료,넘어가,주라,귀찮,실망
금방,비상금,결제,깔,소설
든지,다고요,별,아침,사실
우,내리,가져가,눈치,백신
궁금하,군지,퇴사,셔틀,던
설치,순순히,든지,화장실,말씀
터지,의원,찌,인,사과
다며,처,가기,막,짜증
이건,우유,일주일,악,풍경
아파트,맡기,의견,아서요,가깝
값,축하,엄마,인터넷,승리
모가지,갈게,선물,진정하,돌
올,흑흑,일부러,거울,그냥
뽑히,자리,관두,실수,주의
환장,건드리,화장,거든요,기회
귀,아내,야죠,난,근처
ㅂ쇼,가만,쌔,글쎄,경
이름,의미,영희,사라지,백
허,학년,아래,찾,영상
말대꾸,웃,허허,쥐,아마
밀,다면,따,뜨겁,디자인
이딴,넌,사이,당연,허
보여주,갈취,손님,자랑,올
은가,선,일이,엄청,올림픽
병신,진작,그따위,친하,삶
매일,붇,더럽,보기,떡볶이
헛소리,실수,퇴,처리,자세히
개새끼,벼,거리,튀,식당
똑같,운전,없다,게이,란
자리,처리,금요일,는다고,이쁘
감옥,위,뜻,아메리카,회복
환불,집안,금방,평가,이혼
자살,수가,병원,운동,개선
명심,솔직히,절,세상,기록
지랄,혼,다며,쉽,유럽
땅,꼬마,칼,요금,포
든가,말대꾸,기회,정리,랜드
내주,역시,하기,센터,여서
사고,글,연락,ㄴ다며,겨울
결정,검사,인간,어떤,메
경고,되게,신청,이딴,도록
울리,든가,계시,장님,보여주
놔주,방법,이기적,흑흑,실력
멈추,찾아오,선,주고,지키
남의,물어보,증거,진,주로
라면,뜯,끼리,위,먹자
긋,패드,며칠,사귀,투수
진심,답답,오냐,모,거두
만약,허락,방,몸매,간
아가씨,따르,학생,끼치,관련
티,공짜,가방,병원,푸
다물,무,고과,창피,미래
아가리,후,실적,확,보고
부리,돈만,대하,위험,지원
들이,눈치,옮기,알려주,갑자기
가보,짜리,는가,군,꾸준히
빠르,해킹,는다고,지나치,억
분지르,찧,그날,ㄴ다니까,갈게
겠어,거든요,미스,꼬라지,닿
일어나,명,애인,궁금하,냐
낫,닫,현,습니까,은퇴
밑,인터넷,땡땡,세,따뜻
눈깔,대체,만하,당,역
녀,헤어지,복사,하자,경쟁
빵,계정,내리,도와주,꿀
ㄹ걸,두고,가능,임신,명소
야죠,평생,소,싫어하,상태
이젠,려는,진,풀,동네
후,싸보,뒤지,얼른,신나
이봐,매번,직접,걸어다니,잠
구질,손해,소리야,등,시험
층,이체,거짓말,똑같이,인생
진,잇,오전,나대,을지
파악,깨끗이,어찌,나누,허리
멀쩡,비가,혼,없다,오후
신체,대화,답,예약,여행지
물어보,거나,결과,벗,티켓
표정,퍼뜨리,점수,니들,빌
손녀,겁,째,분명히,극복
깔끔,블,당연,차별,긴장
콩팥,보태,민지,가보,지나
의심,옛날,짧,똥,출발
신경,십,보기,꿀꿀,브라질
올라오,마음대로,축하,죽이,잘못
바꾸,가격,구로,손가락,지도
인사,그쪽,우,매점,선물
인질,더럽,계약,은데요,잇
정보,피해,직,속,씩
직장,도대체,성격,왕,가요
돋,따님,수고,감사,활약
오래,친,거래처,대충,중국
동네,예전,연,아라,미술관
인간,이모,예민,여보,가기
돌려주,대박,엉망,던,주인공
이자,피하,담배,늙,참여
고치,추가,민주,사정,전화
소문내,작,운전,안보,반
수술,애플,솔직히,사고,업무
돌아가,멋있,지난번,명,마지막
결혼,자전거,마음대로,쭐,상대
녹음,매,그래픽,지라,행사
찌,고생,쥐,으악,태
사장,훼손,심부름,오타쿠,심각
는가,나누,기에,그래,크림
제대,지수,자르,만원,토
안녕,신용,드시,방해,장르
한대,튀,신규,모양,나라
부시,이놈,없잖,짱,두렵
바라,시험,간호사,충,직접
불지르,외상,느끼,유전,검사
함께,펜,트,직접,고르
겠네,내야,낮,드럽,놓
포기,걸리,항상,체육,걷기
사모님,혼나,기대,따로,평
따라가,게임,토,말자,현대
붙이,하지만,그래,대화,훈련
불쌍,어쩧,불,땀,알리
착하,지랄,인,피아노,점점
보세,곱,일단,위치,상영
야지,잊,무섭,농담,여야지
폭탄,올,싫어하,갖,비타민
책임,배가,깔,한대,다리
비밀,병신,낙하산,작작,연극
장난감,급,기억,지도,결승
내서,기부,조용히,고등학교,진행
코,호주머니,연가,점수,하대
당연,요새,행사,착하,습관
지켜보,퍽,단,느끼,패
라야,어떤,어떤,아버지,장면
머리카락,빨,오라,태도,전통
고개,진정,이해,일로,꿀맛
적당히,척하,팀원,밀리,자녀
박,치료비,회,능력,부담
고발,빠르,글,보세,놀이
뛰어내리,얌전히,닫,오지,뭔
내동,과,일일이,살이,얻
을게요,건데,따로,벌써,캐릭터
데려오,매일,밑,쪼,도전
핸드폰,쫄,번째,의심,올르
조지,어라,당,곤란,사이
윽,바보,옷차림,원하,이미
변명,당연히,편,별,종류
등,대답,씩,겠다,정하
처,절,빨,한데,시도
별로,패딩,길래,상태,그것
일부러,사과,칭찬,벌레,낮
일하,굶,뜨,책,K
다같이,휴,불쾌,일어나,형
매,손목,피하,대학교,경치
맡,난리,반차,바람,코스
매번,몰래,간식,진심,로맨틱
병원비,큰돈,공부,낮,혼
다니까요,통,달라,찬,눈물
흐,운,보라,우유,바쁘
납치,서운,두던,반응,목표
상태,주시,당연히,가방,럼
장사,이에,잇,기절,CGV
비키,상,탓,박,다면
궁금,을까요,주시,싸가지,안되
계약서,멋지,인수인계,이봐,등산
내용,론,프리,틱,추억
사건,진정하,셉터,으니깐,자기
이년,샐러드,멍,평생,아주
ㄴ다니까,음식,주변,들어주,코미디
억,대출,감히,발표,신발
아버지,돌아가,스럽,터지,뿐
고생,모금,성희롱,깨,언니
지우,업,돌,이병,김치
치우,안내,착각,만화,끼
쭐,바르,돼,나무,사고
그만하,구요,걔,귀엽,맵
이대로,오토바이,거든요,냅두,컵
사기,하라,일병,얼,방영
못생기,옆,참여,태,열
명령,기요,잘나,용,낫
시작,알았,니라,핑계,나무
지도,데이트,선임,여서,발
할,거란,발전,톡,야경
예쁘,을게요,빨리빨리,운전,민은
몽둥이,죄,민서,대들,서로
퍼뜨리,약,배,그쪽,어쩌
돌,틴트,내려가,느라,문
최선,파일,언니,대단,멤버
어른,늦,성과,크크,꿈
취소,주제,책임,대박,당
하지만,선택,나가보,어우,이용
이해,벌리,멀,내드리,바뀌
잘리,울,지나,엉망,박물관
만원,정하,말귀,가까이,자리
소음,교통,인생,혀,딱
이틀,감,잠시,삼백,음식점
거리,땅,평소,책임지,그림
며칠,심하,태도,하긴,막
달라지,저리,썩,놔두,비용
만하,아가씨,출산,영이,답
명예,으려고,정시,모자,해수욕장
잔,밤,두고,값,패배
주문,윤,따르,화내,식
보시,도둑,애초,모든,놀라
부러지,사용,창고,지겹,괌
ㅂ시다,아주머니,귀,만나주,근육
살인,여야,가정,후,행동
구요,대학,육아,뿌리,하자
싸가지,부모,저런,떨,케어
관계,요구,닥치,선,참가
비행기,스타,따지,쏘,에너지
다음달,이르,대충,여야,부르
안받,망하,태,일어,친하
별,건들,비우,목소리,발전
깔,제일,모,줍,해산물
폰,빠듯,되게,학생,경주
분명,교복,아무래도,만지,시선
과장,ㅂ쇼,땋,소름,빠지
감,퉁,시기,거나,강원도
등급,꾸,터지,회사,기능
재밌,와이프,너희,집안,링
날짜,에는,라서요,카드,19
총각,카메라,가리,과,베트남
라고요,신경,쉽,재수,혼란
숨기,선생,기간,성,친
말해,잘되,원장,재미있,진단
도둑,찾아보,얼,르,권
내려가,싸인,먹이,문,바람
버스,발라보,고맙,떼,슬
장소,성의,이젠,추가,20
쳐다보,제대,후배,튕기,모으
헉,진짜로,씻,지치,소식
만만,살이,채용,정보,튜브
으악,라구요,개월,화,나쁘
꼬,이어폰,친하,봐주,정보
계좌,여깄,불쌍,하래,제
되잖,말해,그대로,함,채소
잘나,장난치,치우,함부로,억울
입금,깡패,다리,중요,영향
능력,아침,단정,장학금,치매
돈은,강도,멍청,고백,그날
더라도,부리,지켜보,율,욱
말씀드리,컴퓨터,넘어가,베트남,동물
벌쓰,삭제,실장,실력,오픈
고는,착용,울,약간,어머니
흥분,바람,샵,띠,실수
눕,늙,하여간,유리,100
버티,능력,워,유치원,상처
떨,속,결재,채,세상
으아,뻔뻔,주제,단무지,농구
는구나,허튼,선약,적이,서비스
이제야,으응,연애,기억,맥
태우,구매,한가,배려,와우
언니,병,만원,멈추,부분
무리,거의,교수님,말대답,수가
다고요,ㄴ다니,려는,자체,매력
없애,손가락,네네,알아듣,보호
밤길,윽,거의,커,예능
눈알,주먹,쓰레기,초대,시대
볼,려요,잡일,밝,지역
을까요,드릴,속도,행복,모
취하,힘,설명,쌔,호주
도망치,쓰레기,재밌,이자,-
보여,시발,어쩧,다치,창
욕,무리,시작,양심,기억
아깝,회장,외근,탓,맞추
풀리,물,박대,알리,늘어나
그런데,빠지,명,든가,영양
벌리,노력,글쎄,만족,직원
내버리,은데요,스타일,그때,몰르
저리,떼,며,밀,빠르
하지,막히,던,궁금,다치
뿌리,졸업,속,수가,지리산
말르,서비스,라며,서로,죄책감
소리지르,후회,때려치,심부름,별로
비싸,맨날,은가,ㄴ다고요,더니
진아,쪽,마저,챙기,잔
입다물,가면,살이,말귀,유행
상대,워,굳이,답,파리
과연,감당,지현,무겁,공개
잔말,월세,들어주,심심,치열
파,짜,위하,촬영,감동적
제일,교수님,승인,아가,태국
엄청,귀,해지,다같이,승점
예전,옥상,인터넷,하여튼,아무래도
퇴근,불쌍,덕분,위하,새로
전염,죽기,이만,수학,끝
입원,다예,발언,범죄,나르
패스,험하,비싸,종,꽤
건들이,상태,바람,패,한옥
지가,직원,관심,안경,센터
주의,철,매,장소,무대
충분히,생활비,부담,고개,주제
진실,진작에,마세,자르,뷰티
합의,신랑,완성,마음대로,경제적
스스로,만이,초과,오랜만,괴롭히
판단,바지,첫,거리,어느
구멍,배우,어쨌든,홍당무,든지
려면,이따,저리,만점,일주일
통,관심,망치,읽,아름
다그,갑,미친놈,있다,가끔
덕분,그만큼,적이,인기,얼
조용,왕따,젠,가르치,덥
기자,계약,아끼,방법,넷플릭스
끼치,학,개판,이따,시리즈
초,우리집,변명,수지,넷
학원,녀,뛰,이혼,웃
챙기,젠,검토,쯧쯧,장애
전부,비키,달리,느리,가치
화,선호,대표,팀,매출
말귀,부시,넘기,얘들,스킨
식구,불리,누락,움직이,0
감정,길래,과외,강매,혹시
존재,레벨,벌쓰,감히,영어
가능,땡땡,문,어깨,숙소
이익,ㄹ래요,윗,세금,기래
ㄹ라요,한데,양,지원,대세
천천히,계세,왕따,어라,원하
얼,패,어떡,모으,부럽
보기,다하,겠어,옛날,평소
원,저거,카,땋,무시
죽음,기억나,녀,성기,싸
급하,사모님,낫,단가,선발
따박따박,보험,못생기,해결,일상
내려오,뺏어,떼,퍽,괴롭
듯,무슨일,환자,폭력,동
급,할,내고,닦,함
가방,하래,지도,수도,항
자격,애초,괜히,만큼,검색
지겹,기대,억울,기로,황
따라오,쏘,실력,럼,오징어
그대로,으악,사가,민폐,몰
반,수작,꾸미,우습,필수
박스,사라지,게나,그동안,자전거
옮기,함부로,분명,속이,시설
헛소문,순,관계,고생,15
릴,으러,지키,요새,진로
뵈,부럽,예전,주시,상사
선배,기스,얼르,그런데,인하
절,반말,하민,튜브,차이
지수,남친,마감,억지,치과
성적,금하,센스,보시,주문
입장,통화,부끄럽,친구잖,추석
인정,들이,장이,말씀드리,계곡
말씀하,자라,컴퓨터,멀,월드
올라가,경찰서,할,저래,메뉴
망가지,하하,빠르,고민,쇼
스트레스,불편,이상한,현실,빵
점,금고,파티,즐기,여기
진짜로,송금,기가,호두,연애
조만간,다행,갖,방금,갈래
가야,비야,와이프,절,추
있다,동의,정한,음료,석
탓,꼬박꼬박,라고요,가라,한복
ㅂ시요,뭐래,필요없,기간,셀
기어오르,사은품,보세,초,VOD
가장,춥,찾아보,소개,불
기간,내이,건강,남의,일어나
만나주,생각나,똑같이,애초,공기
순순히,지혜,성적,두고,금
깡패,대단,위주,지능,파티
글쎄,걔,밤새,씩,볼만
주머니,번째,내내,전학,여성
생활,따위,중간,괴,고생
거구,아예,진작,을게,우선
더이상,비밀번호,짬,표정,줄어들
월급,본데,대화,쓰레기통,정원
가시,성적,징계,피부,힐
짐,녀석,유지,이시,강릉
냄새,웅,여유,졸,대로
에이,종이,사생활,바닥,팔리
도망가,원도,돌아오,싹,법
멀,시작하,잖,등급,관광지
국가,콘서트,나름,받으,동료
아무튼,착하,농담,대하,스스로
사용,대하,한국,약,ㄹ게요
떠나,없었,온,구석,표현
으,친구잖,거슬리,바지,젊
분명히,무시,토요일,컵,답답
라서,있다,폐,메뉴,늦
폭력,부인,진희,꼬,매장
완료,가품,든가,철수,울산
반성,매장,니까요,상황,통영
정신병,맘,짐,코로나,우울
맛,뛰어내리,적인,검사,북
막히,마라,문자,상담원,모든
날리,주말,아내,데이터,얼굴
한데,각오,바뀌,착각,어떡하
거나,땋,한참,허락,보시
함,적금,사항,정색,사용자
다가오,진,나대,돌리,오전
밝히,설마,과하,빌,식품
보상,알아먹,인정,매번,개봉
역,벌써,피곤하,칭찬,이러
일은,폭로,버릇,여드름,이렇게
묶,벌레,어우,석,미치
튀,구라,릴,꾸미,놓치
금,가능,판,플,버스
흑,골목,특별히,시력,해외
게요,이리로,라구요,암,강화
신이,앗,피곤,불나,어려움
쫓아가,는가,신지,체육복,의미
내이,영화,시대,준거,일찍
이놈,로그,꺄,붙이,바르
푸,약국,약,그대로,무료
끌,리모델링,버티,맞추,리조트
본데,붙이,빠듯,깨끗,롯데
마찬가지,내려오,근처,가면,완내스
애새끼,아씨,움직이,열,대처
무기,맞추,복,멍,부끄럽
ㄹ수록,심부름,돋,가만,미리
주신,전공,융통성,건데,평균
토달,자위,거울,빻,이벤트
설명,어느,주실,저런,하우스
검사,건물,지방대,구하,우울증
눌,위하,근거,다행,짓
도저히,보답,아씨,재수없,어리
짓거리,고는,거랑,도시락,비교
조,실망,습니다만,가자,저번
한쪽,악,지원,니라,올라가
그따위,총,권리,국어,처음
차로,한두,포,돌아다니,따돌림
준,금품,수도,통,뉴스
잇,삼촌,화,정글,곧
진작,준,치고,달리,편리
나대,쫌,사고,동영상,한화
광수,태,그딴,부시,가게
가기,세우,직무,구니,해소
집착,똑똑,자신,주면,따
한마디,까보,높,번만,죠
토,써보,모든,뜻,간식
쪽팔리,무사,사소,골,국내
얌전히,상관없,달라지,행사,설치
직접,개월,소문나,통하,블
골프채,노숙자,여러분,에는,타워
기대,들리,새벽,안받,수원
가정,어떡,엿,가격,달라
짧,스럽,무리,시작,잊
고객,미리,삭발,털,이거
디지,곤,모시,사회,아버지
절단,운동화,킹,숨,풀리
귀찮,주변,픽업,어떠,곡
오르,고소,여야지,여러,식물
재,수술비,시험,예전,연기력
알았,이만큼,하나하나,처,위래
예정,생,단체,려는,연휴
띄,불법,아무것,하지만,호수
어깨,답,투,없잖,없다
개그맨,물품,화나,흑인,피하
빡,상품,가면,살살,이루
따뜻,할인,ㄴ다네,원숭이,성분
방해,가기,바보,교환,구이
한참,모텔,졸업,흉내,자외선
지난번,아가,운,동안,을래
월,을께,이미지,려면,음료
자신,요번,아라,산,께서
팩트,등,겪,식당,여러
삼촌,맘대로,자랑,말투,기로
태어나,쌓,제사,색깔,내년
중국,갖고오,젓가락,네네,청
기요,아가야,골르,책임자,웹
돼,높,주고,우리집,미세
그녀,존나,우영,위생,플레이
한두,어떠,야유회,휴대폰,단풍
열심히,당연,을지,바르,역사적
잖,겠다,순,ㄹ걸,츄
욕하,바라,운동,자연,라이
폭행,도움,하면서,애인,송
기달리,티켓,낼,업,없었
모으,말씀하,똥,온,재미
려나,신분증,ㅂ니다만,아버님,매우
불구,오기,책,자신,먼지
다행,벌쓰,죽이,잔말,균
면상,언론,청하,일주일,그곳
의도,가늘,생리,로서,롤
척하,노래방,하란,갔다오,머리
마음대로,모두,뻔뻔,쌍수,아무것
평소,주소,이쪽,뒷담,이후
시비,지인,안전,옮,체력
온,직,ㄴ다면,제출,상품
가까이,연락처,시작하,덩치,홈
독,문자,푸,평소,넘치
유,려구요,남편,약하,용품
전혀,점,계세,스토킹,달러
비겁,일어나,지각,연습,빌리
삭제,흘리,곤,층,대신
요새,우선,으려고,고릴라,학원
ㄹ세,일루,워크,람,능력
정신병자,애기,허락,잔,우울하
채,걸어가,되잖,히,면접
선,따로,임원,깝치,발리
성질,민주,요청,얼구,개최
뼈,궁금,정당,살리,전시회
농담,내도,데려오,메기,인천
루,방침,물건,콜라,치즈
형사,이젠,자주,둘째,상하
너와,하자,꽉,알았,내서
폭발,줍,장소,천,겪
주기,정우,공,레,위치
뇌,불,상하,건드리,바라
싸이코,이정,침해,감자,테니스
재미,여서요,무릎,할,포기
썰,점수,관련,보여,매
가난,발표,식사,젊,가능성
범죄자,사례금,한명,스트레스,별말씀
저녁,회비,전체,되잖,남해
동,자금,무례,민수,!!
가면,쉬,조퇴,장난치,자세
서류,특별히,주문,동,안타깝
역시,표정,따라,투,발표
개소리,썩,다같이,말르,스트레칭
개인,확실,뵈,선물,연속
따지,형수,제정신,으라는,외로
빠져나가,대학교,짝,금방,기업
방금,알아보,스트레스,상품,관
심장,뜨겁,그쪽,뒤룩뒤룩,소화
녀석,파,목,고소,즐거우
거절,제대로,놀러가,잇,기술
보도,충전,녀석,구경,트
마무리,모든,비슷하,내버려두,독서
ㄴ단,떼우,런,드립,차지
런,괴롭히,방해,깡,대전
최,후배,매주,구라,홈런
비하라,여서,지내,생일,퇴직
아아,초,포기,응응,오랜만
관심,지장,은행,바라,매주
알아내,구질,고용,시끄럽,심장
생명,봉투,인맥,교실,아마도
참으,에어,대학교,소,라이온
갈게,팟,써,는구나,으세요
행복,영지,경력,높,늙
창고,간지,결정,증말,자신감
딴,진지,서두르,으려,다루
끼어들,낙태,친,거랑,갖
쇼,여행,사유,몰래,물놀이
ㄴ다며,뻔,아마,꼬시,강남
날아가,밀리,길이,일기장,추가
세우,긁,이발병,띄,화려
되게,파스타,명령,평,신선
꺼내,밥값,장식,레벨,콘텐츠
말조심,내년,돌보,얼르,시티
걍,괜히,체크,안내,동생
부수,가도,재수,모습,모임
완전,오만,놀러오,모자라,결혼식
편,아나,위치,공장,벗
배달,글쎄,싹,상담,한심
옷,자격,밝히,돌아가,다니까
앗,월,모이,으려고,신청
는군,사이트,사귀,편의점,고지
판,개인,가게,따박따박,오사카
망,머니,예의,자살,리버풀
의원,정해지,이따위,어둡,침향
드시,사면,감봉,버티,모양
그전,제품,분전,국밥,모이
유포,니라,슬,빨,최선
결과,못가,거들,있었,국
썩,정신적,오프,지키,움직이
갔잖,줘야,수가,전달,종목
못가,게요,날짜,공짜,랭킹
가르,삥,코딩,발끈하,독일
서희,포기,경,매니저,경마
재수없,각서,그동안,담,쓰이
오지,도둑질,사진,가능,생
발뺌,와이,도와,미래,사라지
미루,파이,똑똑,이벤트,관절
부장,오해,박스,놔주,대표
아작,뜻,ㅂ시요,그림,기간
라구요,돋,오랜만,상하,뜻
그만두,릴,공사,존재,높이
부러트리,껌,상관없,내주,데뷔
두렵,농담,용,맡,경우
까불,퍼지,노래,고기,집중
어찌,섭섭,글씨체,대회,간단
물론,오천,글씨,정현,퀄리티
한국,화장실,율,벗기,파크
겁나,재밌,기안,상처,낭
드디어,응응,앱,기본,몬
뭣,단체,듣기,실,적인
안주,ㄴ다고요,사직,부탁드리,의식
최대,보이스,믹스,자신감,점수
부딪히,싱,손해,땅콩,잃
넵,수도,음주,융통성,보여
따위,오냐,간,꼬맹이,여유
주마,무겁,열정,소설,프로젝트
대리,동료,진행하,나름,어깨
먹여주,추,고발,망치,거나
근처,클럽,로써,노인,덕분
혼나,지가,롭,춤,체육
이르,는구나,인부,엘,선배
잉,비트,뒷담,고아,씻
시체,역,빵,개봉,증가
친하,대기업,민선,난리,14
모양,화가,심사,싸이코,스토리
질르,안해,까먹,선생,밖에
감염,아가리,으,데려오,던지
치루,게나,큰일,더듬,도로
붓,끊기,올해,강아지,향기
이곳,오신,동,김치,아시안
합,인력,발표,기생충,컬러
가짜,프로,뒤집,두껍,작년
뉴스,낮,헛소리,수술,만족
종이,학교생활,가자,월급,점심
이만,조만간,겨우,할인,이탈리아
집구석,평가,병장,빛,성과
공간,국밥,쓸모,춥,여행가
삶,주기,무능,뚫리,수면
빼주,내면,커피나,핫,논
여편네,말거,한숨,이놈,강인
호구,거들,아무튼,아이스크림,교육
없잖,톡,소개팅,써,그렇게
치아,태도,더하,한숨,투자
나라,음식값,예정,현우,취하
ㄴ다구요,낫,욕하,더러운,난
아침,최신,채우,시발,남기
은데요,교재,전혀,파악,원인
도장,돼지,에는,찌지,런
사회,열받,다그,심각,실
꼬리,배달,설마,창,감동
오냐,꿈,대단,돋,스파
혼,남의,어째,가야,써보
꽤나,차별,인원,양해,테마
심,헛소리,구라,옮기,스페인
댁,본사,깔끔,까불,당장
애가,깔끔,복장,어눌,밖
장난치,코로나,건들,상대,옆
일방적,유명,에다,윤,당연
이리로,까불,잠,대꾸,목
갈기갈기,지각,어른,사모님,녹차
이기,보기,말르,여러분,팥
현실,옳,자마자,개가,플릭스
책임지,이대,싸구려,빠르,복귀
쓰러지,쓰이,지겹,뽑,페
할아버지,반갑,역,청소부,다저스
힘,주실,한마디,변하,날짜
시민,거니,윗분,ㄴ걸,불우
기에,조심,행,스컹크,본
폭로,미친놈,보관,볼,마르
산,북,종,굳이,할머니
찾아보,미팅,올라가,무,깊
간이,헬멧,민희,이만,골르
내기,여보,순간,망,인증
어떠,승진,현실,가기,국립
여야지,지영,영화,방침,섭취
나발,고모,ㄴ다며,얌전히,평가
뇨,오른쪽,여야,계세,공간
하나쯤,어르신,쪽,치고,만큼
뜯,수수료,따돌림,라야,고혈압
서울,교수,무조건,처신,담배
말대답,성분,살찌,도둑,하기
상실,발르,저작권,서요,달리
콱,ㄹ라요,걍,반말,절약
부인,피부,여러,ㄴ다면,웃음
낮,만드,내주,심해,그래
증인,안녕히,지나가,이요,딱이
원칙,기한,애가,성형,포인트
면목,빨리빨리,이혼,멀쩡,막막
의미,르,가만,바뀌,나한
제삿날,놔주,완료,하란,취미
손대,우습,취미,공기,현재
의사,들키,우수,ㅂ시오,폭력
발가락,아쉽,고작,그게,맡
강냉이,재미있,위로,축하,클래식
고의,재,약간,막히,을게
느냐,지도,부드럽,흐,고구마
기한,덕분,취급,이년,아하
카페,못되,땜,징그럽,kt
돌아다니,월요일,판단,짝꿍,과의
이요,제정신,을걸,듣기,오빠
흙,바람막이,실험,판,국가
됬,뛰어들,혼나,줄넘기,발견
괜히,걍,히,불가능,약물
같애,대충,함께,열받,솔
내버려두,뺏어가,가만히,최대한,앨범
헤어,기업,번만,승,팩
난리,억만,보여,학원비,플
그저,넘겨주,비하,근처,딸기
하단,없잖,돌아가시,등록금,돼지
뻗,날리,토달,매장,이강
일도,차라리,띄,라구,발생
ㄴ대,말하기,걱정,취미,클럽
금액,큰일나,쓰이,하지,혈압
화가,꾀,공연,이쪽,감
인터폰,이혼,당일,알아보,다하
무조건,돌아오,가도,본사,아깝
복수,멀쩡,복사기,컴,어린이
학력,부담,기사님,플레인,제대로
죄인,형도,어느,이기적,아끼
동업,속이,걷,까맣,변하
멋대로,구라치,쐬,젖,철
냅두,연예인,퇴직,이상한,독특
쳐먹,팬,출신,그러니까,범
류,젊,잡히,벌쓰,옥
폭,이후,혜,기계,온천
가리,써,색,맛없,스키
구라,기가,받아들이,부리,개막
사지,꼬맹이,민폐,극,느라
차갑,있었,피자,눈깔,커
뜨겁,분명,영지,뻔뻔,조기
영업,성폭행,규,기회,해외여행
작작,여야지,꼬이,넘어가,기에
랬지,냄새,프로그래머,잘리,사건
도망,취소,산,임산부,복잡
순,다니까요,자씨,긋,충격
싸,어쨋든,윗사람,찔리,초조
놀이,눈치채,장어,비교,사귀
쉬,치사,기본적,모임,듯
가해자,내서,당직,찾아보,시기
싸지르,동,인재,내보,연봉
으려,겠어,고려,비행기,지방
어린놈,말대답,찍히,내놓,불리
께서,마르,축내,알아먹,아이디어
요구,세일,골,전교,교
을께,내려놓,잘못되,어르신,아트
마을,절도죄,배정,당뇨병,13
기억나,차이,하래,판단,오우
알아보,기도,잔말,가끔,며느리
조각,나르,보통,무례,홀
숙이,사회,얘들,가정교육,정신
치르,헐,인계,어쩜,관절염
건데,꽤,내부,오줌,환자
한명,현,감,개기,설
결국,고작,일한,삼촌,벨
송,여유,진급,통금,시청
염산,마저,쭐,금,쇼핑몰
셋,마무리,럼,ㄴ다니,굽
너무하,안쓰럽,영업,귀머거리,아이템
마누라,이제야,대요,주의,경기장
인,용건,안녕하,돈은,뉴
거잖,유품,내년,연,수비
머래,궁금하,충분히,기술,황희찬
바다,똑같,뻔하,놀러가,병원비
내고,끌,박과,마주치,전하
살빼,불량,병신,한마디,돕
도로,뒤집,드릴,내서,일자리
조차,거리,등산,찌그러지,외롭
쩌피,잉,상병,트,비슷
꽤,질르,양이,전번,출산
느라,급히,전무,방향,설명
들어주,든지,별거,워,반응
기절,일수,돼지,니까요,짐
새벽,호,지하,기초,광고
똑똑히,달래,흑,석이,대한민국
과잉,꼬이,마치,결정,택시
진료,수업,빠릿빠릿,수급자,마트
찌르기,캡,패션,기범,진영
오시,설명,다시피,혐오,충분
동료,앉,평생,소방관,솔직
수원,제보,쓰래기,학부모,그동안
신상,구들,백화점,생선,사업
청소기,허가,쏘,고하,가정
쿵쿵거리,으려,해오,보태,대체
세탁기,소개팅,조언,유도,가늘
정말로,버티,어쩌다,항상,툰
맛있,칩,대지,운영,명절
꼬라지,수근,떄,불러오,고래
영,머래,부족하,두드리,오케이
가주,베풀,마리,욕먹,판타지
선물,세탁,아예,팩,네이버
상대방,인질,차이,라면서,대결
시다,빡,못쓰,을걸,우루
통화,깨,그게,허구,살아가
아라,법,치장,쳐지,오해
머리통,캐,다고요,구리,통하
슉,뜯기,전부,명령,무릎
여동생,방학,그저,댓,놀랍
다구,보람,자넨,ㅂ시다,언제나
마약,람,외모,아녜,낚시
환경,놓치,대우,뜯,콘서트
불편,이따가,원하,만만,톤
아무래도,나눠주,처신,핳,니스
설거지,갔잖,사기,한말,놀러가
옆집,장소,꽤,잘생기,갤러리
비번,센터,고민,빨랑,본선
저승길,가난,돌려주,아기,하성
보육원,트,미진,역할,사이트
운동,사용하,학벌,자퇴,눈치
따님,고장나,붓,피곤,괴
본,항상,인성,학,처리
확실,까발리,퇴직금,여깄,전환
민수,아무리,적어도,혼나,당뇨
꽉,골르,시고,짜지,계약
차단,맨,제인,찾아오,한데
지갑,일도,안녕히,주기,입장
흘리,학원가,잡치,넘어지,감기
떠들,대가리,샘,안주,그룹
회,의심,딱딱,그야,밀
소름,물론,만년,쫄,혀
채로,눌,정확히,아쉽,물건
수고,위험,그러니까,블라우스,탕
자체,영희,연장,무슨일,떼
동의,협조,여우,녀석,장소
영원히,위치,중대장,이에,요가
붇,해당,수준,일찍,필
잘살,커,을게요,모욕,춤
어린,추억,주면,내고,라인
레,장님,따뜻,나르,왓챠
종,마침,무슨일,으응,현은
태도,불안,겐,도망가,희
얻,영,연휴,려구요,우리팀
두개,커피,지어내,주신,몰디브
멀쩡히,이기,지라,옥상,앉
연,붙,대기,생리,더욱
흐흐,오케이,차가,연예인,체중
동영상,주문,취업,척하,가볍
뵙,ㄴ다면,별일,동창,단백질
재미없,어찌,니깐요,맘대로,오래되
시일,땡,실례,취소,무야
극단적,명심,얻,소문나,루
나가보,차감,쩌피,따라다니,(
살아가,거스름돈,본,노래,)
학년,등록,재,한테서,김치찌개
찔러보,그이,꿈,흐리,패하
벋,보관,꾸,자격지심,식이
정하,비용,씨도,자존,개월
팔다리,이사,식당,대상,할
간호,니깐요,평,비꼬,돌아오
애비,해외,뒤쳐지,거슬리,자라
환멸,부자,떨,미친년,세대
못쓰,사생활,갑,지르,취소
부탁드리,가슴,책임감,긴팔,종
좆,수씨,월요일,취직,한강
누르,궁하,돌리,하늘,가져가
까짓,부딪히,이의,양아치,가방
뜻,똑같이,제기,직업,가수
배때기,조상님,아티스트,오르,맑
커,카,태우,면상,주도
어느,개새끼,도시락,없었,소재
제출,허허,유치원,장난감,샐러드
업,대선,영어,아우,패키지
직전,허리,틀,외모,하와이
벌레,가자,그르,맨,수분
차선,설거지,가까이,부딪히,역대
군대,투자,띠,가식,로마
훨씬,소문내,반영,꼬박,심해
태,쇼핑,구두,화가,나의
감당,마약,지옥,구입,얼른
두고보,노인네,추가,본인,운영
밀리,애인,집중,뻔,사자
억지,부치,우체국,기사,이끌
단골,휴가,나머지,그만두,금메달
매매,시궁창,워크숍,도망,해운대
리뷰,동국,눈치껏,런,지난해
남기,부장,설탕,스킬,두부
주사,피시,외국,부자,항공
비우,연구,천천히,고졸,펜트
예의,크림,폰,분위기,탓
새로,판단,노트북,학력,매번
맞추,주인,돌잔치,아토피,통
풍비,걸어다니,리포트,놀이,설레
박산,다만,세차,살려주,신고
윗집,분위기,종일,섞,의견
예민,ㅁ세,땡기,들이,독립
마감,그게,춤,직장,달라지
내면,미친년,외우,쟁,길이
그날,사기꾼,자율,따뜻,좋아
나불거리,주차,있었,때려치,색
험하,차가,편의점,대머리,앤
안보,되돌리,빵꾸,택시비,면역력
려는,불러오,신랑,경우,50
뒤지기,화장,담임,유전자,한국인
혈액형,거사,줍,잡치,봉
건강,도와,강남,뭣,아시아
피우,군요,월차,임산,득점왕
상,승,해본,우선,MVP
강간,팀장,욕먹,통화,정리
지껄이,립스틱,바닥,포장,개인
대회,늘어나,나르,띵,조언
살아오,싸가지,이르,그딴,현실
하려,게시,끊,상자,소개
아메리카,쭐,려구요,좋아지,돌보
워,돌아가시,사직서,모두,그만두
한계,산사람,입맛,눕,발목
마주치,콱,의도,사기치,월급
발설,강,아빠,설명,피로
어서요,문서,랬,밝히,발르
강남,놀리,오냐오냐하,멋지,적이
건방지,당황,건데,말로,탈락
안녕하,얻,무,어느,사회
도움,최대,붙이,홍길동,전문가
심정,랜,약물,지수,엄청나
르,퍽퍽,굴리,다구,샷
들키,원당,파일,메주,차로
이사장,거절,창피,취업,막걸리
곱,자본,피해,비하,기록하
마실,짧,부러지,속바지,열정
살수,재용,싹싹,요번,찜
뚫리,쩌피,똑,가져다주,마이
수작,망치,시국,달달,라켓
강아지,얘들,막무가내,대수,직업
찔러주,잘살,등,구로,구들
비틀,겄,어기,그따위,실패
후보,이시,입장,넘기,용돈
찾아내,셈,모가지,이용,청소
총알,상의,ㄴ다니,잼,쓰레기
정확히,뭡,지치,반갑,판
유서,사서,들어,바이러스,춥
양심,대야,아메리카,말해,우도
평가,깜빡하,수당,좁,21
모,피곤,처,감시,빠이
바뀌,쟤,투자,동문회,웹툰
시절,취하,직업,졸렬,전주
버튼,애가,챙겨주,팀장,가입
깨,쿠,복잡,베,싫어하
가세,환영,폼,자주,본인
고작,크윽,날로,거칠,하라
쪼,찌르,반려,중이,다투
인상,모아,웃음,붙잡,이젠
느낌,난,술집,쩌피,뒤
스토커,산거,뻔,어째,찌
긁,운영,엥,딩,염증
몰래,시기,시켰,지적,커지
촬영,현재,슬슬,과자,정부
심부름,하는거잖,뭣,오냐,치킨
시기,중학교,그만큼,그러게,빛
백,뒤지기,눈빛,뻔하,귀
천,발색,쳐다보,보소,하늘
황천길,색,태어나,공간,염
폭파,모시,갈게,베이,지구
실행,망,거래,걸어오,흥미진진
갇히,안사,지인,걔네들,경복궁
고시원,비하라,키,리뷰,마카오
가라,장기,알아먹,억울,소년단
큰일,다면서,가볍,블,정우
작,모,도맡,성희롱,빅
씹,커플링,눈썹,잘못되,허훈
쫄,실,진하,나빠지,안하
그년,설정,튀,혼잣말,완화
저래,한단,저것,중국,순
강제,댁,자유,교,하면서
교도소,챙겨주,따돌리,우가,안심
탕,잠,정보,해오,청춘
짱,각,왜케,묶,두통
알아주,바람나,다음날,킥,집도
즉시,조건,짖,꿀,알레르기
젊,로써,오지,어린이,늬낌
헛,뉴스,양보,자지,·
오른팔,달도,학원,민망,콕
으니깐,때우,싱글,흘리,PSG
원망,주일,옛날,일등,치유
하느님,잘나가,서울,치매,따내
민폐,전혀,사표,잠,평생
들먹이,초등학교,취직,시어머니,기가
속이,땡기,시골,그날,려는
는다면,하기,의미,털이,소중
체,을지,차질,의사,비만
맞들,사랑이,걸레,영화,복
치킨,아범,안보,감독,인상적
안사,식구,짜증,첨,트렌드
대표,신장,채,슬,파스타
지요,법적,하긴,퍽퍽,독감
서두르,그만하,팅,여편네,전복
교회,형기,호,머래,수영복
점수,가시나,듯,랬지,봄꽃
을께요,부분,집안일,여서요,호두
장담,꼬리,유전,핸드폰,C
제안,프,허구,ㄴ대,탁구
대가,두개,넨,먼지,갚
프,무료,사내,큰일,수학
기대되,시하,몸살,기에,임신
돕,결정,이동,치즈,벌어지
트,학과,사업,새우,혈당
고민,한잔,변경,버거,체
당연히,인사,기운,지리,늘리
시원,지난주,잡아먹,아세,선호
눈치,잖냐,순진,미친놈,만들기
끼리,어째,그러게,못가,40
맛보,팅,냄새나,소금,강진
붙,성공,빽,벙어리,18
저렇,예의,서요,울보래,진지
쿵쿵,거참,사회성,어쩐지,처방
지나치,다가오,면목,출근,의심
섞이,귓구멍,가나,흥분,화나
철수,시작,꼰대,업체,제도
재우,터지,아저씨,차이,소통
훼손,소원,해내,차단,말자
타이어,순간,꼽,챙피,생일
거래,협의,미리미리,기가,표
째려보,이웃,달이,만도,층
스타,아아,장모,떠오,감상
반드시,팔찌,끝내주,부끄럽,티나
나간,모임,말세,대영,생선
동물,맡,말차,교무실,라더
빽,구니,이내,지연,레드
금니,바꿔주,암튼,슬슬,챔피언
여전히,싸구려,야간,신상,비기
모조리,동작,이정,에휴,카타르
애도,생신,퀄리티,입지,예정
단지,사물함,이과,입맛,맘
마디,올라가,고하,구역질,적응
여러,나지,논문,한잔,피우
해치,교통사고,어깨,눈치껏,쌓이
어린애,들어주,이따가,조리,정상
병,모가지,공항,졸업,칼
가만있,비번,바로바로,개뿔,가본
분질러지,판,으려,법,감염
큰소리,가입,재능,이틀,탈모
내지,기숙사,성,따라가,한지
랜,집회,오나,가위바위보,기차
실제로,납품,밝,지네,튀김
기도,오호,이기,멀리,닭
마스크,녹음,노출,장담,예방법
부러,낼,이참,의식,인은
여럿,ㅂ시요,샤워,보상,뇽
퍼트리,최,읍시다,풀리,근력
회장,의사,쭉,어떡,자책점
묻히,어플,생,공개,기도
개인적,사거리,버스,너지,째
까발리,산지,있다,컴퓨터,나타나
여서,을라고,젊은것,잉,으려고
보관,맞기,학력,비밀,효과적
오후,만약,없었,별거,으며
손해,구경,마라,개인,도착
흔적,댕기,사모님,지난번,블루
강,빼돌리,첨,먹이,소비
촉,과장,기한,동의,복용
팔자,쫙,승급,안녕히,당뇨병
붕어빵,본적,서로,전혀,금방
길가,도둑놈,창,침,연구
덕,휴대,지역,질질,관람
성주,큰일,규칙,살빼,배고프
업체,아무튼,기억나,피우,채식
걸치,거랑,바라,스타,필리핀
정돈,쥐,할아버지,샘,야외
찍히,오시오,말해,삐,부작용
끝내주,고르,컨디션,지하철,한식
쪼들리,스마트,유난,점심,라멘
영영,동기,방식,휘,멕시코
쳐주,더듬,고장나,앞뒤,츠
언성,관계,사인,왜케,공격
줘야,사야,어린이집,살아가,트레킹
모레,후야,이익,미리,메이저
이상한,온,이에,시켰,노인
갈비뼈,가짜,반찬,적인,큰일
찔르,전송,밉보이,멋있,수업
집어치,라구,신대,받아들이,헤어지
했잖,단가,석씨,남자애,희망
약점,찍히,모으,기준,디스크
좋아지,인심,맨,우유사,삼
모시,습니다만,정비,희,식습관
저것,준수,한심,딸기,완벽
이성,흐흐,루,엉덩이,얼르
저런,재수없,메,ㄴ다구요,전문
말거,구더기,지갑,기한,활용
작품,대가,짜,이젠,갯벌
치고,저주,궁금,같잖,동굴
진행,한강,나발,립,에어
취급,권사,숙제,고서,차단제
연락처,부끄럽,려요,후회,포르투
섞,등록금,업계,챙겨주,화이
눌르,용품,대구,들어,결승전
매이,나체,안주,기라,투구
이에,어이구,시영,일병,골프장
거든요,담보,가든,명이,핑크
과제,간절,국가,경찰서,부탁
귀엽,오래되,지우,센스,서운
집이,가주,특성화,환,대한
꼼짝,길이,권,유지,의지
컴퓨터,질리,추,예의,방문
눈빛,할망구,본가,으러,쌓
그깟,용,수민,바나나,겠네
닮,귀엽,육,팩트,순위
주둥이,차장,하지,꼽,냄새
어떡,상하,찾아오,큭,배드민턴
기어,어림,병인,하기,풍부
홀리,오후,돌이,수치,스릴러
럼,어쨌든,니야,씹,재료
각,강의,말하기,사생활,국제
조사,올캐,욕심,보호,박박
예진,안보,깨끗하,랄,급
담임,침해,텅,민주,동기
본거,하나하나,프라이버시,그렇잖,실천
깨지,자정,일세,보일,나랑
나무,장이면,합,에스프레소,사가
유리,은혜,장기,대접,대비
짤리,다리,단합,소문내,갈등
적어도,처방,컵,뇌,나돌
해독제,지불,와요,롸,사기
ㄴ걸,지은,쳐먹,곱,증
세탁,ㄹ라구,약해,원피스,홍삼
마침,자세,박하,호박,시계
일부,진심,차갑,택배,미술
시작하,사임당,지저분,롭,스토어
해야,음료수,불리,종일,감자
바닥,미터기,도야,나머지,수영장
나아,깜빡,펴,여자애,A
스치,입력,스케줄,립스틱,쩔
주지,사무실,희정씨,뽕,700
비슷,현우,편지,껌,지시
기가,교육,면접,시작하,친절
쏴,꽉,파,사위,주식
했어도,띄,오징어,농구,출신
마냥,필통,보충,진지,일은
귓구멍,필기,거꾸로,빗,지치
알아먹,일당,동물,ㄹ러라,안정
시발,독서실,넥타이,같애,시력
문자,페이스,감당,입장,팀원
도착,신문,갈아주,지체,긍정적
똑똑,아하,여직원,외국인,프
말하기,심리적,당직자,침해,사원
잡히,떨리,던데요,수비,들이
짝,적도,욱,판매,부장
이식,떠나,면담,쟨,합격
마취,책임,감정,밤,취직
떄,겠네,정성,들어보,노화
수면제,휠체어,수로,제정신,언어
말자,고치,안타,호구,분야
의견,지시,스스로,이새,국민
빨대,자씨,기어오르,구들,햇빛
니라,청,찌그러지,반지하,생태
응응,부산,사리,못살,선제
대학교,줄이,조절,순,비행기
외국,햐,끼치,몰아가,오페라
옥상,파괴,캐주얼,튀어나오,소스
역겹,알빠,싸우,수록,사먹
톱,셔틀,같잖,바꿔주,지래
끝장,공,ㄴ걸,본,:
드라마,편의,짜르,접수,냉면
십,상납,숨기,는가,무승부
손들,움직이,남의,현지,T
환,약사,외부,추적,결국
잘되,경마장,자격,끓이,감이
대낮,입수,정의,구제,부부
파탄,안받,모자라,불능,진심
상처,치킨,조건,과제,운전
이용,에잇,이병,따지,천만
빌리지,중고차,전달하,헛나오,언젠가
쉐끼,뭍,생사람,병신년,천천히
부끄럽,경쟁,공장,말하기,전체
부분,이물질,내지,겁나,화성
그러니까,통행료,벅차,사소,뜨겁
조국,떄,실시,인상,고급
불가능,택배,지희,목발,숙박
말리,지야,미스터,입술,25
창문,오징어,드라마,교정,TV
블,강냉이,시가,진입,26
송아지,다이아,인기,반반,SK
물러나,채우,심심,엉엉,잔소리
이대,지석,댁,다구요,때리
언론,손주,현재,진작에,말씀드리
및,치우,건지,턱,계절
양해,소용,군요,옆집,후배
연기,혜택,다요,고추,주위
학창,성기,대박,사이즈,직
학,영감,랫,고의,명품
작정,그림,다치,품,뇌
기준,상간,노래방,든지,모델
탈출,이송,반반,까짓,강한
숙제,괜하,비위,고도,적당히
아서요,카카오,장가,정상,베이
되돌리,기능,아웃,성공,돼지고기
녹,이용료,사서,무식,2023
모습,예민,후임,한국인,김밥
하여튼,세금,못나,초면,원정
입도,메일,야무지,테러,국밥
골르,레드,내키,절뚝절뚝,최다
저주,말보,는구나,녀,십
닫,지난달,마주치,찢,당혹
의지,요금,뚱뚱,늙은이,회의
출장,최선,말자,ㄴ단,잡히
지혜,털털이,요번,꾸,ㄴ다니
눈앞,타령,망하,최악,가난
존중,푸하하하,요원,뚱떙,끊
시도,흥분,굶,내요,지속
담구,지분,유도,드라마,한대
이장,안타깝,무안,다음주,비밀
빨,음주,부실,개월,학
덤비,토달,뺀질거리,겨우,평화
간판,집이,쇼핑,수정,로즈
무고,풀르,벨트,칼,전설
희생,시계도,최소한,냉장고,정현
롭,잡치,작,치료,키스
혜주,말대,아세,질문,트롯
모텔,스톱,연기,공원,일이
걸어가,지옥,쫙,준하,그만
밀지,꺄,상무,가장,신중
내진,꼬,젊은이,등신,경제
코로나,삼,질문,고구,쪽
했노,언,몰리,보신탕,순간
중이,지라,여름,제로,죄송
일자리,외할머니,황,우진,성격
어림,골,차별,순찰,착하
자면,엥,과잉,폐지,햄버거
지구,지치,내신,더이상,시민
전하,번쩍,기요,확실히,말리
수습,연,류,경비,마당
이제서야,적잖,간단,주차,묻
출구,볼,여쭈,열리,낮추
그러면,외삼촌,브랜드,이마빡,특이
또라이,바뀌,지적,운,강력
단단히,샤넬,긁,꼬이,플라스틱
실력,엽아,놀리,쩔,얼음
마비,피고,허드렛일,저녁,타선
앉,계신,적당히,일도,17
답답,게다,연구원,판자촌,이승
뒤통수,깨끗하,상사말,자존심,ㄹ라고
처먹,말구,용사,진짜로,들어오
맙소,늙은이,훈,앤,상처받
무단,한참,만지,떄,피해
자수,피우,그나저나,상관없,음주
가르치,마실,특별,걔네,아기
인성,런,자빠지,존,비가
구별,뻔하,꿀,내려가,움
망신,혹,휴무,성적표,에이
서른,술집,요구,버러지,데이
미역국,다면서요,원망,두개,홈페이지
예예,암튼,말투,색,열정적
거거,인정,때려치우,여사,레스토랑
읍,보여,철수,영아,주가
아스팔트,고개,휴게,드디어,색상
소개,말아먹,기계,청하,근
따로,시장,피우,양,조이
빚,깨지,망신,팔리,베리
생사,는다는,코끼리,식이,달성
싫어하,시일,비슷,신아,프리
예상,기술,라인,마지막,수상
관,먹자,하늘,인도,혜
하기,급식,조사,뒤뚱거리,경관
틀리,하지,끈기,마냥,오리
내보,꿍치,또래,급하,양궁
깁스,개판,직급,건강,깨끗하
하란,범,반납,퉤,있음
꾸미,날아가,우기,끝내,고치
반반,보아하니,독단적,짖,질투
기술,피씨방,청아,살찌,먹이
손톱,일은,도둑놈,환자,자금
일일,모자,규정,원해,뽑
정부,고가,딸리,현,소문
와인,더하,모닝,지내보,방식
전달,그날,급여,차라리,소득
사항,모습,교사,차면,분석
겁먹,혀,불참,을게요,전국
정석,토스트,주둥이,완벽,실내
특별히,행복,다네,매치,앱
터치,멀쩡히,허리,라구요,배송
자세,저금,프로그램,던데요,세계적
을걸,수표,재미,양반,블랙
영화,저금통,쪽팔리,갑,땡기
슈,화장품,고향,인간,타자
그게,정성,근,저거,광화문
갖고오,자마자,일의,살만,화이트
모욕,윗,오르,애비,폭포
끊기,짤리,떠들,가도,조선
조폭,채,아나,주먹,포스터
우울증,수금,여동생,선택권,LG
태클,대꾸,사회적,살인자,준우승
현금,인간,반성,신이,가르치
고등학생,신이,맞기,엇,불르
그이,바치,알맞,주변,분명
시험지,정이,환갑,사먹,신입
이따,커플,이시,십,위해
저세상,잠구,도망,셀,생명
왕,앞집,직장인,내야,젠
소비자,저것,나부랭이,줴,외출
어째,지지자,못가,놀러오,최대
누군가,저지르,정현,권,경찰
ㄴ다고요,쭉,창의,심지어,대부분
신랑,들려주,리뷰,조언,승진
가두,더라도,옳,개그,밀리
용기,데려오,파쇄,우먼,대상
폼,양보,이용,시선,조금씩
지네,적히,노릇,닫,단체
신약,따지,노가다,내버리,멀티
실험,계,대령,억지로,캠페인
ㄹ라구,그램,성근,일르,플랫폼
매점,꼬봉,배려,꼰지르,수지
부부,여기저기,반팔,셋,간장
수상,개소리,임씨,출발,24
운운,아서요,무식,텅텅,소금
는다는,따라가,반항,시궁창,타이
세면대,나좋자,속옷,도배,국수
튿,탈,르,채우,왕
새치기,ㄴ답니까,맘대로,마래,허용
가자,다구,하나님,거짓말쟁이,여수
파이프,군데,톡,쌍,완도
해킹,이새,일어나,잘되,세영
암,최고,밥맛,니래,메달
째지,전재산,털,헛소리,로드
씨부리,신세,꼬리,나타나,동화
았어도,혼수,넘겨주,집구석,제대
경로,동전,연구,주름,무언가
비행,인적,덜렁거리,숨막히,사정
사기죄,사항,빌,총,시절
계약,그러면,깨,달리기,짜증나
성립,가능성,일부,혼,내리
뺨,지요,인상,결과,요청
존,막아주,가지가지,날씬,집안
성자,고민,지분,올르,짧
유진,분석,머신,눈앞,지인
새치,신뢰도,세팅,제공,인정
못살,타격,집이,아드님,벌써
롤,방향,랬지,문의,행운
킄,대학생,깔깔이,불가,상의
킄킄,이틀,ㄹ라요,뜨개질,돌아가
중구,비하,내기,나사,인정받
특공대,제거,시말서,지요,조용
평상시,지방,나이트,사용,설악산
우기,대포,놔주,택시,연출
조현,라뇨,세리,깔끔,미스터리
증,유심,제니,랬,쭐
암호,야하,자격증,딴,내야지
악쓰,큰맘,깍,꺼주,탑
봉사,운동,짤,별명,웨어
현금가,정아,권고,칠하,밀양
선택권,지정,이새,패드,고려
애원,인내심,아드님,롤,인상
마트,서울,탈자,연락처,배경
방해죄,서방,거잖,행,털
재미있,임원,엉,거니,유산
차원,욜,려구,기지,헤어
끌어들이,점심,완벽히,포기,드디어
스토킹,정품,국물,아무튼,전기
잘못한거잖,교환,학과,고작,피곤
토막내,구매자,간단히,스카이,기사
찢어지,촉박,부리,사지,장이
치키,떨어뜨리,용서,노려보,업
라구,최소,이대,섭하,동해
초등학생,유지비,천대,조르,칼국수
랭킹,논문,제주도,객님,최종
구분,깽,불이익,분식,통풍
팬,불만,샷,다이어트,케이크
천국,쌍수,라니요,어떻하,모범
내보내,지출,토하,밑,널
포함,으니깐,과정,역,미니
공론,반응,자자,경비실,보습
멍청,턱,빌리,려요,유산소
파일,사인,찍,다니까요,묵
라며,가맹점,굼뜨,연탄,체리
뭡,질질,셔츠,커지,이닝
잘생기,여어,다면서요,만약,래
넨,웨,말로,아르바이트,역전승
조건,좃,베이,왤,육개장
도끼,모자라,뭡,종아리,스리
자유,해오,바코드,쫙,선두
편의점,어둡,끓,걸어가,악귀
식도,닮,진정하,겸,긷
성하,색깔,편람,태우,확실히
표,나발,기준,딱하,대학교
안구,인출,하고,대리,더라도
사이좋,먹이,타고,넵,건물
명품,주지,중학교,거의,반복
성,가끔,수학,내지,거짓말
캐,회,고등,우울증,밭
빌려주,반항,몰아가,감정,옆집
높히,쓸데,다혜씨,도용,구체적
빚지,쯤,쌩,인척,ㄴ다면
벽돌,연체,겉돌,주소,빼
집안,엎드리,고분,새치기,재산
자료,느낌,깜박,관,붙
슬,부수,도착,부석,외모
친절,동아,메시지,펑퍼짐,에어컨
성격,성형,최소,수박,감소
뒷감당,원이면,매니저,찌르,로서
군데,코트,교,안타깝,무리
가치,마주치,산지,방식,자야
없애버,소용없,교감,반품,덕
말버릇,도망,미혼,여유,마사지
보험료,캐릭터,헤어지,그놈,붓
수명,타고,식이,주위,착용
확률,달리,못되,유세,섞
이기적,코피,그놈,아씨,가득
높,싸게,하원,이란,캠프
마당,날으,칙,조지,향이
혹시나,짜식,민호,자야,범죄
목소리,잔,보수적,스팟,라이프
엎드리,꼴랑,단화,사전,가나
나기,택시비,하씨,오우,초밥
남친,모양,뇌,왁스,박박이
충고,자자,실망,와이프,디즈니
본색,내지,쏟,천원,재킷
주위,끼치,파악,이상형,페스티벌
개년,환장,엉망진창,내이,인도
두들기,밑,불법,종이,이재
만주,털리,잃,모시,KBS
치기,첬,참하,결제,화이팅
보소,들오,아가씨,움,존
구죠,나야,목살,적립,스페이스
뺏,데이터,가라,얻어먹,낙지
나의,기에,신기,부러,그림책
됏,공사,교장,울리,전술
미주,줄거지,그깟,육수,돌리
꼬마,처맞,집합,숨쉬,서럽
등신,왠지,가깝,걸음,온
범인,아이돌,멀리,돌려받,잠깐
뽀뽀,버튼,출발,공책,퇴근
뽀,뻥치,궁금하,예진,슬픔
박살나,날인,다행,강,주자
성공,재판,자라,즈,학생
고서,교장,물품,소연,개발
주가,폭위,통장,최선,터지
타령,앞길,간호,유행,뜨
나누,수진,철회,양보,집이
해하,짝,수학여행,질리,과자
우유,가리,마냥,이사,미루
교,업무,관장,보건,멈추
영어,보관함,쪼,주사,과정
뜯기,아버님,지하철,버릇,자극
채우,연장,검색,헤지,조사
불러오,돌려받,말일,혹시나,유발
허튼짓,입히,영수증,소비자,강원
안심,기사,구매,안가,중독
피곤하,흑,언,주말,자제
곤,수연,하단,장인,넓
저쪽,면접,다물,진열,부드럽
가만두,벨트,천재,나가보,영화제
투여,묻히,원영,명부,균형
근질근질,용기,느라고요,작성,음악도
때우,살짝,잡지,쓰이,23
봣,고급,은영,환경,공항
경비실,세여,미역국,시장,흑
반갑,제고,사라지,움찔,맛보
윗,상품권,저지,과목,주연
엿,그립,시위,취지,부진
확실히,정확,프림,핫도그,상대팀
너지,보상금,왠지,충이,유나이티드
창피,상식적,교과서,인성,안타
소문나,버르장머리,분발,데려가,삼진
쥐새끼,겸손,꼼꼼,반장,잉
액면,기어오르,안타깝,사회생활,식중독
자니까,뭣,축의금,전화번호,데이트
떳떳,바닥,팍팍,애자,다며
읽,좁,꼬,꽉,칠
디귿,기왕,음식,필러,영양제
마르,화질,하수구,비리,따돌리
보호,큐,굼벵이,막차,인간
사과드리,준비물,부조리,콩,버티
길바닥,ㄴ다면서,날씨,찾아가,자유
전재산,너지,고르,꿈,완전히
쌍년,자격증,론,막하,아드님
더군,원본,몬스터,댁,자고
처방,개봉,되묻,라뇨,복수
거부,벌금,두꺼비,인줄,보험
개그,천이,승호,샤워,북한산
입상,딱이,삭제,사서,헬스장
비교,신제품,고기,사과드리,교체
적당,내용,성의,그릇,포함
살기,멍청,덮,치킨,슈퍼
이상은,귀찮,담요,사용하,일몰
꽂,퍼트리,엘리트,라지,한라산
사기치,일부러,가해,담당자,성비
진작에,블랙,어라,스스로,피크닉
땡,박스,하리,연습량,리뷰
체크,내드리,줄이,여성,디저트
개자식,라고요,쩝쩝,답변,늪
쳐넣,정리,뜨겁,로그,아메리카
금칠,수고,안쓰럽,이마,슨스
처지,오가,법도,서울,북한
봐서,자란,오고,늫,컴백
은지,내려가,환장,비만,이다
돌아,ㄴ다니까요,내도,추,실점
아다가,강제,현상,공연,H
놓아주,깎,익숙,플러스,혈관
기어다니,집도,헤매,취하,불행
자초,이라고,마케팅,데우,대응
하늘,안전,지르,ㄹ래요,애인
생각나,내버리,참으,유난,몰래
사랑이,스카프,그전,샌드위치,인사
간수,인테리어,꽁꽁,페미니즘,보통
불안,우정,꽂,회의,노년
제품,묶이,더이상,따라햐냐,마련
아예,유에스,마땅히,일부,이즈
조르,속상하,쫓겨나,얼룩,이것
뻔,살인자,허가,발급,올라오
직,펴,위험,더더욱,퇴원
어림없,기념,미흡,굳,밉
말일,다물,벅,기어오르,실적
상환,말씀드리,강대,워낙,채
어기,손들,메신저,그전,지하철
펴,그깟,뿌리,뚱땡,사장
쫙,당첨,을라고,깜,외국인
보증,예산,먹자,엘리베이터,각
은혜,학생회,다면서,올바르,팝
위급,비로,가버리,반찬,동남아
부족,썅,소신,결국,유적
보호자,배탈,안도,군요,헤헤
방울,ㄴ다구요,푹,멍멍,잼
과하,등록증,칠순,감염,광장
개월,주민등록증,팔,공공,m
촉박,서류,마찬가지,벼슬,쌀
단가,짜장면,미주,본적,컬렉션
적반하장,알겠,위아래,용돈,환
소용없,일지,공기,편히,KIA
사전,본인,부하,쩔뚝이,NC
미리,오락,주방,놀래,V
톡,주둥이,크흠,입히,슈즈
캡,더이상,라지만,마찬가지,고는
박사,회원,매기,불행,소원
살짝,이용,문서,빨아먹,기운
네발,나머지,그야,조차,명이
푹,소나기,김철수,죽인,녀
틈,삼백,재수없,배송,칭찬
앞길,폴,착하,암투,태어나
신중,짓거리,신혼,단지,약하
벗,배상,계획,문제점,갱년기
좀더,려고요,가늘,거절,컨디션
무도,본,에휴,깜빡하,멋
삼가하,속고,후회,성웅,굴
건방,댄스,살만,경례,해고
졸업,행패,차량,애도,써야
처자식,입원,겟어,보호자,전혀
금요일,얼룩,두고보,주무,정확
겪,쳐주,만드,하관,신체
으려나,빚지,뚝,가시나,싱글
충분,액수,뭐래,뭡,려나
공해,다짜고짜,일인,견학,아이스크림
야말로,뒈지,일머리,담임,장기적
허락,구먼,정장,프로필,건조
뛰어다니,쌔,하기는,케어,매화
오랫동안,엉,지네,면전,세종
데로,헛튼,양다리,에다,공식
대기,길바닥,프로,뵈,빛나
내손,원님,노조,깜깜,펼치
저질,국,누군가,첫째,출시
자빠지,루머,마침,분발,국은
돼지,처벌,생각나,사마귀,꽃게
대들,던데요,중얼거리,쏟아붓,달콤
후배,폭파,워낙,철저,스카이
까딱하면,아이구,잔업,바보래,코트
아무말,헤어,초,게끔,파도
직원,대회,병,전모,강화도
점심시간,경우,꼴통,시나리오,텐트
창자,어떻하,최종,비린,져스
만남,월요,단계,우동,결말
신뢰,정상,빼요,박스,사극
솔직히,이년,지방,군대,포항
뒷담,으라는,선영,어찌,중계
반복,상대,회의록,희망,객실
으러,석,험하,아아,라운드
겠구,빼둔,환영,경고장,역전
교무실,빚,우로,정해지,만성
가깝,발생,당한,짜리,제한
댓가,구청,엄연,뭐죠,그대로
즉사,앨범,이직,ㄴ다면서요,찾아가
성인,꼬맹,놀이터,계란,촌
자가,흐,나약,뜨끔,거의
맡기,소연,인센티브,구멍,똑같
거잖아,레포트,돈은,ㄹ망정,부동산
끔찍,훨씬,쓰레기통,빨개지,완치
혜,비상,그럴려,타령,글쎄
안와,경,시늉,대지,이동
구역,이내,라면서요,뱃살,출근
선아,경수,텀블러,찍히,충전
거니,이니셜,서서,이구,혼나
부르기,사소,전역,반성문,는다고
문안,제주도,임관,프로,존재
표현,엇,올라오,필,이란
시청,충분히,날리,비슷,떨
대충,갖다주,ㄴ들데,불법,후보
살이,딱하,최고,체,체크
고한,횡령,꼬시,자니까,육
수틀리,보관소,볼,여쭈,치르
솔로,하천,민희씨,리래,마무리
얘들,호구,정확,트이,기준
관리,고하,이후,닮음,확정
ㄴ다니까요,의식,연달,라고요,에코
살해,분실,사용하,갖고오,관객
이새,거래처,정씨,돈줄,업데이트
감정적,목소리,다음번,상실,오일
인하,스탑,정상,훔치,로맨틱하
몸부림,뚫리,니들,푸하하하,백화점
죗값,절반,탁하,마침,치앙마이
떼우,꾸미,숨,하아,혁
테러,동문회,호흡기,으려니,재석
뺏어가,과외,양도,회원,예선
당분간,콜,사무직,안쪽,퍼포먼스
베풀,강매,자제,얼레,현종
인내심,탓,물론,이따위,연승
살만,손등,가능성,불리,황재
약하,파시,끌,똑,맨발
영감,사도,리스트,적어도,있다
개가,따끔거리,제고,기사님,오히려
책,권유,병가,탑승,속이
듯이,수치,꾹,정류장,속도
입지,해먹,청년,깍,요새
렇,표시,빼주,후기,겠지
거짓,뺏기,어린,프,모자
어울리,따라,별건,핑,일도
소용,부르셨너,은근,노숙자,외식
오오,있녀,딱히,작고,야식
자정,자선,같애,구질구질,기뻐하
못되,쉬쉬,무겁,학벌,메시지
년도,까짓,자해,업무,소속
거주,소유,먹히,깨끗이,편의점
뒷통수,방해해,사슴,웅,주인
추행,이분,을래,건물,예상
갑자,사이좋,시스템,수저,품
기라,연수,쓸,가늘,노출
순진,호텔,입다물,동수,끓이
입이,주차장,주장,육아,품질
없애줄,쓰러지,사상,일머리,일출
사시미,있는데,한들,쌀,예측
산다,산다,간이,마르,골든
만지,델,전문,고약,샴푸
번쩍,톤,서가,쎄,천연
주거,맞선,맞춤법,나시,강해
지경,수정,인권,물론,립
청,전자기기,턴,권한,뷰
경이,무선,통,데이트,액
허허,애지,말단,가정,사찰
슬프,놀러오,디자인,미역국,민의
가운데,숙소,발휘,이라,KT
캔,민지,연봉,폭력적,영웅
술집,딩,뒷전,훼손,흐
내야,안와,일절,식구,관중
쓰레,몰수,지출,ㅂ니다만,부여
사먹,잘나,형,잡고,헬스
음료수,눌르,강하,돌아보,부모
시치미,위생적,두르,수진,공감
망가,저장,태만,아무런,욕
망가뜨리,프로젝트,주어지,지랑,고통
비서,경쟁사,뵙,앜,다가오
물고기,비례,대기업,봄,방안
손안,터뜨리,지난달,샌드백,갑작스럽
두면,코드,유행,훼,열기
휘발유,섬,혼내,갈래,들리
법대,웨어,왔다갔다,과정,곤란
죽지,잠금,쵸,사면,따로
도둑놈,뻥,눈웃음,굴리,거절
무슨일,빽,ㅂ쇼,을지,분명히
특히,죽여,여러번,게요,이대
짜릿,독,유명,샤인머스켓,지지
싯,주자,겸,작업,효
롬,겟다,발르,흠,진정
중간,생로,두시,낮추,과거
도중,못살,주기,그저,잘못하
갈래,애비,다음달,처먹,앞서
수발,연좌제,이제야,청한,위기
엉,시구,차인,잊,그만큼
나두,물려받,장인,폭,더위
알라신,졸,개뿔,아나,치료법
잘나가,마누라,벌레,피드,내주
낭비,임신,쌓이,되기,회관
터트리,속인,좌,붓,타고
입히,간호사,구르,엄연히,주년
올라,영아,군말,참고,뼈
싹싹,그지,커플,갱,기후
업소,그새,충실,남들,주스
인터넷,확실히,전환,이이,기름
죄짓,성,입김,효,정규
쯤,커리어,이득,해고,물질
잔인,ㄹ걸,희영,벋,볼거리
느니,로마법,올려놓,비용,버거
식이,로마,든든,오토바이,슈
즐기,라야지,수행,쫓아다니,순대
때지,구걸,녹음,거짓,연주
변함없,몽땅,연결,공무원,원도
꺾,내나,가세,올해,22
기껏,이지,섭섭,안정적,싱가포르
데이,새벽,성실,끊,박지
음료,망가지,ㄴ다고요,했어도,유로
이사,권,좀더,찐빵,악화
저래라,처방전,도리,막말,괜히
걸어다니,페북,폭력,일은,보내주
처신,공책,년도,저렇게,지네
그나마,범죄자,내면,올려놓,위로
말투,과분,명이,써보,진학
튜브,갚았잔,아기,출렁거리,촬영
메스,그렇잖,갈아입,솔직,초기
군요,올해,와중,저년,입원
줌,쌔삥,간병,측,없애
다이,자켓,개인사,집중,진료
마이트,달달,가정교육,파스타,처
살리기,네버랜드,구먼,제조,찾아오
줍,관광객,꽤나,후줄근,노래방
얹,센스,애매,하기는,생활비
뷰,합,자재,뻘,비하
솔직,친절,거도,시고,수고
짜,입고,로서,일상,다행히
이때,알뜰,소화,깜둥이,주민
행사,보자,꼬리치,추행,여전히
저지르,멍청이,반대,계신,잘되
짜증,튀어나오,가로,양말,커버
혓바닥,과제,공동,당사자,배달
핑계,봉지,정식,무조건,연인
아나,유감,난리,지하,비치
할려,한마디,비가,하여간,량
빨리빨리,하마,안가,물리,야구장
복잡,상속,충고,땅,질병
구걸,사사건건,집도,서울대,남성
작년,운운,진심,시정,정화
올해,벼슬,함부로,미혜,해양
저러,뿌듯,이인,목욕,트리
아기,전시,경위,책상,헐
발악,차이나,기라,며칠,대표적
안전,토스,물이,월,랩
말세,트기,드러내,섞이,개장
거래처,나가시,송합,쳐먹,바이
간지,품,앵무새,청결,룰
말미,커피포트,찔리,안달,경남
처분,정가,장원,아으,이경
터뜨리,라서요,시발,남기,호흡
양보,갯수,거나,석탄,재벌
아주머니,세탁기,전날,불붙이,달래
야리,살기,기어,편지,싸움
얼씬,쪼만,표,음료수,전부
시정,벗기,글꼴,연애,나빠지
날이,플,에잇,주방,편이
하나하나,병들,잊,느껴지,돌아가시
우연히,꼭꼭,북,도서관,중간
해코지,행동,거참,간신히,지방간
조작,척박,장해,날카롭,무조건
이쯤,기자,흐리,직,매년
기장,너와,음료수,비대,숲길
몽골,치고,난,단골,사서
지원,결국,화내,우울하,전망
눈뜨,실적,자체,얻,푸드
잠자,빌려준거잖,코,갸우뚱,애니메이션
시구,분명히,나빠지,검은색,서핑
지리,양반,명보,해당,총
고마움,신체,로비,주둥이,비빔밥
자라,한계,강희,쇼핑몰,율
밝혀내,넘치,일없,껍데기,후기
부자,로또,아부,겐,전망대
하고,저버리,미쓰,삶,불고기
아푸,핵심,자격지심,동서,상큼
별거,겐,통해,유명,러시아
치명적,경고,가하,간식,조합
고등,노친네,효,올라오,구단
질리,청산가리,솔,그러면,광주
무겁,사망,오물오물,크크크크,맞붙
갈기,막걸리,쌓,거구,전당
놀아나,실토,커녕,한심,바나나
한순간,말일,입금,발르,한우
불나,유미,정산,이제야,불펜
참견,어쩜,부사장,참고서,tvN
소리내,도장,놀이,김서방,비염
열애,불륜,코드,잠자코,망치
불태우,낙하산,왜죠,편들,앓
싸인,국민,가르,이리로,지가
천장,의원직,느낌,소리지르,정기적
결혼식,합성,귀찮,살기,눕
왼팔,겸사,시비,지렁이,팀장
빼앗기,아래,기껏,됬,멀리
크윽,과거,피드백,필요없,쯤
패기,찔리,얼룩이,식충,신뢰
삼일,없애줘,공감,떠나,훨씬
영수증,가중,흔하,사주,현장
국물,흔적,문턱세,노동,붉
예수,고문,붙,진동,척추
겠군,엎,전통,으아,고양이
휘말리,씹,개념,ㄴ대요,끄
이의,솥단지,조차,고정,무기력
폭발물,플란트,더러,이족,굉장히
면박,ㄹ란다,경험,보행,커플
지우개,밥상,분배,내용,이라
꾸중,며느리,네만,참여,세트
제자,원금,인정받,비정상,그럭저럭
따라다니,계약서,윽,굼벵,뽑히
깨물,저런,택배,릐,잘생기
외골수,뎅,상품,봉투,몰입
오지랖,화내,분담,진이,물이
부르트,행,권한,기대,크리스마스
깔짝깔짝,어머머,공유,며느리,악
목를,치한,넉넉히,타자,아가
토막,고히,사랑,다운,차단
해결책,소중히,생육,증후군,카드
도둑질,소리지르,수씨,반하,전기세
팀,째째하,알콜,화목,관광객
조그마,전역,발치,시집,공유
공공,스타킹,밀,쫌,카메라
신나,콘,시간차,사세,캐
응원,이벤트,차도,미주,시야
사인,희생,배가,장식,사면
낙태,정색,젤,안전,다운
빻,커뮤니티,망가지,곤,운동화
비참,추하,손실,계좌,28
등교,볼펜,나간,훨씬,연패
직업적,내자,승진도,꽤,개막전
소명,확장,발로,눈감,매치
여서요,관리,늘리,악담,최신
가져다주,두장,집사람,하고,산림
물품,거도,버락,겠어,남도
보관소,좋았,깜빡하,국,코비
딱하,여러,미연,영업,한일
없으,참고,은혜,기여,모로코
저작권,가만두,치렁치렁,쟁이,빌라
자결,아마,커트,평상시,펭
말장난,헌납,묶,젤,분과
쇠사슬,빻,국밥,동남아,나아
지정,을걸,양식,왕인,사장님
돌기,발자국,콜라,쿨하,손자
코너,다그,영역,걸음걸이,복지
수신호,면상,짜리,화도,무척
청소년,사하라,고가,떠세,아무리
뛰어가,재미없,역겹,메이커,변
항문,원어,고개,우수,과도
꼿꼿,오지,어도요,주기도,절대
치켜들,민선,공간,두렵,충분히
냉,스트랩,불량,높이,혜택
부심,중학생,있음,고가,전략
나란히,의견,자세,시계,집안일
양,되돌,까짓,꺼내,야근
사시,과연,다루,모델,뵙
벽,반찬,폐가,지같애,노트
쫓아오,넉넉히,깐깐,종치,확실
볼일,불우,손세,무릎,서류
하청,삐치,창문,꿇,수준
재혼,팔목,강아지,샴푸,훌륭
꼴리,반짝반짝,먹여주,규칙,허브
안도,사본,동태,위반,일부
리스트,제출,전공,식사,상승
줄줄,자가,서울대,재능,과장
천만,신뢰,콤퓨,몰골,제거
이민수,영현,헛,비린내,기념
농약,강남,우승,신체적,티비
본성,백수,번은,왁,흘리
떼먹,춤,구석,닳,금연
낙,아쁘,등신,부상,눈빛
않되,그따위,안건,기어,생산
틀림없이,병수,내보,걷기,이미지
인연,해야,핫,생색,시스템
위반,위로,갖다주,짐승,공사
지나다니,야전삽,조용,라더,수목원
이미지,집합,희생,안쓰럽,붐비
거들,느리,수영,구별,글로벌
쌔,삼아,쳐주,너네,선보이
변해,굴리,올르,땜,신화
상해,가까워,진도,퇴출,200
엉망진창,편지,계발,시기,휴양림
딱히,협조적,고프,삐지,창덕궁
굳이,인건,다니까요,지갑,볶음밥
늙,이쪽,비웃,공,밴드
밤낮,분주,여러모,각,돌파
흉기,밀매,하질,젊은이,맞대결
엇나가,디지,어머님,적히,합
야단치,빵빵,한나,펭귄,31
산소호흡기,업소,주니어,쓰레,휘
일상,레스토랑,건드리,오기,거스
치가,외제,여태,나해,LPGA
잠들,당근,하구,산다,미나리
아비,차단,적도,나서,줘야
젞,판매,연착,방학,댄스
끌려가,당시,탓하,에에,어려워지
으으,판매자,지랄,와요,에는
셈,자르,동그랗,접,원래
낄낄,층,정색,전시,빚
씹쌔끼,그러니까,세탁소,안와,태도
뿅,버러지,영미,시점,배신감
불만,우울증,희정,가주,졸업
바보,밀,잘생기,뽀뽀,용기
아침밥,멍,알았,수영,명상
하소연,청하,배신,기르,희생
ㄹ래요,평점,비밀,불량,교통
멍,판치,모양새,새재,꾸준
단순히,김밥,척하,지옥,잇몸
위치,무제한,오류,입금,날리
교수,받으래,졸,아웃,봐
수업,쿠폰,케어,한거,주차
학점,에다,시다,개판,뿌리
내려보,고정,돈까스,응대,상관없
초등학교,두바이,화학,폭행,오염
양반,오오,흠흠,잡아먹,여보
빼내,되는거잖,장례식,과체중,마켓
대수,뻇기라,축의,시들,우주
유난,마당,상품권,엘레,스튜디오
간도,맥도날드,단속,타면,교정
사주,체크,벌금,ㄹ라요,몽
라뇨,상자,굴러가,경고,이브
더하,있는거잖,복직,철벽,도서관
이따가,예정,무급,벽,어스
보고서,재료,아랫사람,툭,영국
어쨋든,임금,평일,끊기,제목
레벨,이득,사이즈,대표,엘
시시,참여,날아가,별것,합류
존댓말,지원,다구요,끼어들,예고편
지면,처신,라야,넘어뜨리,보자
전통,두르,이지,빌빌거리,동태
짓밟,팔리,즉,오히려,수래
우주,안줫자,축구,진행,나폴리
양다리,반반,망,긍정적,푸른
여러번,나돌,부자,동아리,스케일링
바른말,성인,현수,용기,e
기말,싫어하,감시,모이,골드
고사,제작,문화,라서요,D
과외,ㄴ다면서요,발령,점심시간,이전
눈썹,아프시단말,술자리,소주,숨
삥,ㄴ걸요,방석,눌,강아지
수갑,귀가,가나다,동태,불만
지침,색연필,음식점,호텔,아르바이트
본사,백화점,정수기,달이,열등감
저항,미술,물탱크,그지,하지
한눈팔,욕심,유일한,그런거잖,들어주
피곤,뵈,수기,씹덕,단어
소요,위협,한통,이물질,마치
후기,라이,치료실,앵무새,끝내
대꾸,게임기,늙,흔들,뿌듯
발진,장바구니,복지,아쁘,충격적
정정당당,쫓아가,둔하,상사,회식
안본,연극,잘만,팍,누나
승부,원비,지난주,우리나라,최대한
홀인원,재학,혓바닥,숨기,말하기
통상,아차,화상,세우,하고
우래,쏠,백,땡땡,중인
노엽,흠,듯이,주워오,피곤하
쫑알쫑알,매이,작정,눼,자료
봣거,책상,처자식,쓰래기,밝
ㄹ라구요,샌드위치,가지가,언어,장난
경비,목마르,우리나라,모유,사수
씻,다구요,러시,이어폰,찬
축구,난해,뒷,엉,스마트
다지만,치마,다다,복잡,해물
려요,갈래,타가,석훈,깔끔
다인,갈수,장난치,특수,인터뷰
고하,저세상,차근차근,정상적,산업
한창,중학,기저귀,테이프,레인
섭섭,교지,실전,펜,신곡
일세,맨몸,항암,알바인,칵테일
불미,입어,데이,배상,콘
파노라마,발급,더라도,쓰기,청소년
일수,불량자,평사원,거부,렌
아무렇,내역,굴기,푼,스테이
상도덕,뜸들이,방긋방긋,노약자,계
거만,얕팍,떠맡기,약자,하이
애인,빼박,엑셀,금도,공포
넘어지,매달,글래머,랍시고,ㅇ
많어,장이,국,강의,발매
위조,고교,양심,돌아가시,컴
수학과,고분고분,새롭,쩔뚝,델
갈비집,인턴,신과,삼만,좌석
대박,회식비,시설,무리,카레
딴말하,근질근질,커지,퍼센트,세균
문전,베,미달,관등,챔피언십
성시,취급,살해,성명,스릴
욕심,맵,달달,순수,맏형
핀,없으,온라인,수족,영우
클럽,커녕,거두,토하,세정
뿌시,굶어주으,짭밥먹,피아,암행
사이트,가깝,선후배,라지만,어사
기일,애호박,뺏,증,자체
장모,아이스크림,이면서,찮,가슴
더러운,어린이,업,갑갑,손주
취직,나기,벙어리,발언,차도
펜치,저놈,라구,뇌물,구도
땜,저렇,기념,딸리,랜
치들,자면,민망,세수,설득
거란,아이디,의지,푸하하,각자
거의,지에,톡으로라,불안,요구
정시,노랑,시각,유식,탈
오형,대비,외로워,짜장면,정신적
어디지,쵸,초저녁,치료비,일상생활
협상,바퀴,날으,형편,해진
으며,적당,이구,눌르,무겁
깔깔대,내쫓,허구허,버르장머리,평일
칼부림,항,중순,부부,향상
감량,식이,요건,반대,주세
막무가내,승희,타당,떠벌리,손님
가말,바로바로,사장,올라가,합병증
좃,형제,주야,문자,뛰어나
잼,사가,호호,정성,통과
퇴물,배은망덕,짖껄,비릿,기부
아프리카,빼앗가,돌아,설,담기
훈수,뒷,뚫리,계정,알코올
두지,입술,각자,과민,의류
앞가림,내걸,변하,고구마,혈액
됫냐,쳐먹,유감,개자식,에스
구토,봐야,꼴불견,사업,조명
대접,과자,쾌쾌하,ㄹ라구,틀
존칭,구한,ㅁ다,일기,공급
수있,버터,시집가,리프트,금요일
달리기,논리,연인,뒤치다꺼리,채널
열지,꼬라지,숙련,힐,비즈니스
측면,하아,퇴근할려고,교복,아웃
혜택,당직,책임자,단어,볶음
대다수,즐기,하유,자료,약국
설문,렴,근해,김치찌개,손상
이슈,민폐,크헉,유미,버섯
않을거잖,철판,홍길동,분리,양념
종합,조용,속뜻,수거,갈비
전국민,부서지,말거,앱,엑스포
발의,날이,징,박우,신사
방도,창녀,지희씨,등교,늬
보상점,수예,불안,재료,타이틀
기척,어이쿠,불고기,포자,틱
오기,흠씬,디귿,있대잖,화답
꿀꺽,두들기,의사,첫,세래
언제나,차고,이상형,덥,럭셔리
팀장,여동생,작고,랫,80
부정,많으,외형,입주민,&
한솥밥,두면,메이,으나,km
써,데뷔,흥분,본드,단양
처맞,느데도,구경,원상,EPL
피로,꽂히,여리,과하,햄
뚱,제시,나로,쭈쭈,FIFA
뱃살,파장,열쇠,파리,아라비아
고등학교,제안,그때그때,신의,SKT
기본,신문사,연속,둘둘,연우
힘세,탈탈,외의,망발,배신
노처녀,뺏어가시는거잖아,상냥,크큭,누군가
단호에,할미,상해,쓰러지,전달
언사,여태,정상적,이불,안내
부담,술술,비정상,천장,잃어버리
노총각,건네,미루신거잖아,무느,곁
모욕적,갖다놓,마땅,지진,기지
벗기,성함,관,시렵,옮기
참고,방해죄,계죠,허물어지,땅
거머리,연루,아노,귀신,형편
들러붙,영수,쨌다꼬,추우,살이
구리,수원,믿노,배리,차리
짠하,법원,퍼먹,생활비,외국
눈탱,더더욱,부쩍,마누라,당연히
밤탱,불어나,굴뚝,동물,긴장감
험담,양도,비번,거거,재활
감옥살이,손자,내서,합성,옛날
나리,갈기,찌지,살짝,웠
행패,거꾸로,이로,예예,단순
잘르,심,욕심나,내동,단계
조직,부잣집,회도,밉,론
반년,앞날,신나,중학교,전자
축도,비관,얼릉,하교,소비자
랬,잔뜩,되도록,짝,률
아지,브랜드,빨랑,가있,나들이
이일,밝히,취하,림프,모래
사단,집사,담당자,귀도,살인
고야,둘르,방학,머저리,열차
볼만,누르,비행기,깝쳐,규
흑흑,지폐,기강,택,레저
상품,낡,티켓,코털,휴양
판매,으마,옮,쌔비,진달래
허위,개념,해이,거스르,춘천
대응,지고,명중,곰보,안동
사기꾼,환절기,효율,초보,27
어둡,추우,가시나,티비,삼겹살
단단,으려는,구리,안부,스위스
더욱,시자,유머,더욱,음악회
각목,려나,헐,허비,스웨덴
주고,대리점,랬죠,명절,예원
초면,가건물,뼈,사돈,영입
찍찍,접,처사,시원,펜
사퇴,민경,대회,멍청이,KBO
뜬금없,라며,선택권,청,구두
자금,꼬시,진료,실행,짬뽕
장전,받아내,핸,여유분,제천
채무,안다니,험담,같어,조영
세월,오르,천지,맷돼지,준호
터무니,덥,멀뚱,형제,사우디
열린,얼쩡거리,소파,징징거리,투호
가도,자체,ㄴ단,참으,이션
고분,테이블,ㄹ걸요,화풀이,상상
지만요,먹여주,내한,흥,콜
먼데,휘,마디,같아지,맡기
노예,다녀오,희씨,나기,털어놓
똑같애,따박따박,밤일,왼손잡이,노인정
고아,경기,흐리멍덩,거들,어머님
겐,시내,멋대로,지각,나서
과다,현수막,닳,도로,고등학교
출혈,한지,위신,헤,나기
이오,단골,스타킹,정지,이마
승객,봐줄려,찢어지,꾀죄죄,붙이
안내,건들이,정내,눈물,고백
빈혈,챙피,열받,질색,육아
칸,귀촌하,하니,몸무게,살리
재야,읍,용지,바늘,탄수화물
ㄴ다지,트렉터,인솔,이민수,치약
궁하,옆집,뻐근,논,절
한가,이장,내성적,뒤집,언
빠져나오,려는가,내놓,말조심,여드름
그러나,트럭,내노,부여,와이
동의하,다네,시지,힘없,다음주
인지,쩔,입질,어이없,보드
날으,고장,모처럼,컬러,설정
쳐가,풍비,으니까요,비치,덤
아씨,박산,사건,걸치,안경
어깨뼈,차량,애비,아름답,업계
할거잖,방향제,인하,이너,스노
기어가,세차,쉬려하,웨어,산청
직성,아기자기,관례,저승길,산행
자세히,떨치,거부,예끼,파라
쑤셔버리전,삐,어려움,너르,조림
반발,징계,필,음주,팬츠
자처,위원회,복사물,붇,포스트
똘,지리,성숙,서장,B
화내,덤비,호흡,원칙,토론토
목격자,개뿔,쓰드,싸구려,은메달
재주,싸우,록,사기,나이키
띠껍게하,옷차림,엄살,어루만지,에스티
합니다부터,일찍,다주,주는거잖,박찬호
만난,간식,다리미,수해,타입
끄악,식칼,오히려,뺨,무패
시지,도박,협박,얄,무실점
연구비,적금도,따오,의도,체스터
부위,합치,건너,명예,동계
지장,날라가,장가가,연락도,고전
섬뜩하,은행가,떼우,생사,붕어빵
녹이,야비,성사,흐흐,립스틱
수수,많어,열이,돌아오,쿠바
딱지,메,불가능,분의,OMO
나불,묶,은지,가망,이사
칼침,저작권,연수,살인,학업
털끝,촌스럽,항,음식값,책임감
시력,뵈도,도통,햇,쳐다보
스마트,출발,칠하,여러모로,이직
외국인,격,데로,찰떡,잠시
대마초,중인,계장,고르,분노
착의,달이,설렁설렁,나아,매달
왜냐면,잔돈,보일,현장,창피
찧,요기,내신거잖아,모레,주고
찐따,민족,천,선비,아파트
맟,나이프,호랑이,경각심,고도
추기,럼,천벌,뤄,손가락
쭈쭈,변태,실패작,싫다잖,내려가
짖,으래,복사도,불만,쥐
반려,톡에,당당히,껍질,명단
견,좀더,쑥덕거리,민지,수치
손잡,도저히,공고,중위,최초
이성적,악플,강인,단팥빵,업적
구경,불친절,넉넉,오류,그램
성희롱,하이,인가,책임,미식
발짝,초등,느니,실수해,모바일
특별,법정,굿,애지,고객
받아들이,새롭,언급,오버,패스
데려가,작년,해당,했네뇨,제공
의지력,원장,서해,셧는,트로피
가문,다같이,호봉,아무말,국립공원
문의,역할,금액,신체,과학
열고,학점,도저히,괴롭,시피
수록,깍이,혹시나,편견,벽화
왔다갔다,나라,은주,만난,포트
살살,금전,휴지통,자습,현지
상하,채취,아주머니,한가,국물
자지,동강,반응,급식,5000
옳,니래,적합,쓸모없,제모
견디,도시락,고자,정상인,연꽃
소식,포,영주,털끝,중앙
거름,장해,암,겠는,워크
니께,빨갛,뒤끝,원금,뉴욕
떠보,먹히,반들반들,갚,티셔츠
싸우,원만히,화려,리지,금강
나들,만대,껏,노래방,청정
메뉴,김꼬봉,김치찌개,침뱉,2020
방아쇠,자주,무단,아니꼽,샤넬
당기,제트플립,결근,헉헉,미가
연락도,귀국,주중,휙,구장
쳐들,떨어트리,깊,초안,윈드
대지,박살나,빨래,까부,캐나다
싫으,지체,나인,순진,홍차
공용,천호동,개발,그램,바디
햇,별것,까칠,타입,고등어
뿜,출신,그치,그닥,향교
꿀꿀,그룹,몸매,최근,미용
껴안,본론,고백,눈물나,이정
갖히,탈의실,실실,바꾸기,이적
하는거잖,잘못되,여시,치한,FA
놔두,재킷,홀리,생사람,성가시
내역,복잡,조용조용,시자,과제
황,젓가락,품위,꼴값,솔직히
전집,숟가락,불복종,빼앗,따라가
리래,마트,건의,이방,매이
부시기,어린애,기르,개년,죽음
하직,제도,위반,어쩌다,떡
실망,도로,사원도,답안지,톡
훼방,너르,잔소리,한쪽,비슷하
본인,평,송부,여름,상심
차도,깍,깨지,지어내,시골
철,셋,고참,따돌림,정이
몸뚱아리,연약,아이스,내비두,금액
희열,이때,수원,뚱돼지,향하
아파하,얌,골프장,많으,불면증
그러게,전단지,아버님,서방님,제안
그라,강아지,퍽,누설,으려
사형,준지,타임,화해,적금
뚱뚱,아시나요,진작에,겠네,모시
비거,수리,구걸,재벌,대답
퍼센트,눈앞,일개,수철,병이
쟨,차로,아니꼬워,이제서야,기적
여유,글씨,진드기,따라,적극적
업계,비싸보,귀가,갈아치우,매진
취업,퇴근,엉덩이,내두,작성
냔,댓가,비품,맞을려,치료비
처절,학교잖,밴드,기특,틀리
견과,지겹,덥,뻐,가사
켁,뺑소니,동거,고만,적당
팅팅,범인,방향성,으흐흑,요법
아가야,빛,충실하,맡아보,번호
난간,재고해,겠냐,하수구,푹
쉿,기획사,평인,가슴만,화장실
감시,상대방,내외,뛰어놀,화장
용돈,드립,닿을려,지방대,자원
트라,썻,주물르,입시,물고기
우마,눔,주무르,부실,키트
빚쟁이,찌지,그렇지만,데요,추우
자퇴,왤,터치,쵸,요소
패거리,손대지,차례,능사,재즈
되갚,손해잖아,트렌드,없엇,다이
린지,소풍,노예,놓치,레몬
그새,로서,부르기,숙식,고추장
바람피우,갑자,경호,기어들어오,매콤
촌,순진,언론사,토닥토닥,민속
농협,라면서,피부,긁,둘러보
소화전,여의,입이,ㅂ시요,지로
된,장부,야이,온전히,앎
아량,측,목소리,의미,메이크업
대단,본거지,비꼬,의외,램
튼튼,굉장히,총,하대,오리지널
보름,눈동자,문란,가야지,다재다능
바리,신지,하대,용호,현주
넹,어림없,거잖아,동가,송어
잔소리,달르,인지,길이,웨
구르,재수술,분명히,친절,귀신
가시나,이직,준,무뚝뚝,에센스
산채,말자,애플,단순히,말레이시아
힉,관련,커버,사항,SBS
들켜부렸으,고통,놀라,랬냐,스타디움
고새,비랑,걸치,쳐주,원작
쯧,나간,싸매,엄지,린
특,거하,팔뚝,잡채,가져오
발생,엄청나,속살,질기,철학
면허증,덩어리,조선,중심적,바라보
그야말로,돼야,배짱,편이,약도
팀원,실례,복귀,우야,재정
보통,젠장,빈자리,외국,예민
움찔,치과,치르,물감,주실
넘겨짚,미인,화사,야하,물리
랩,들어보,배제,다인,입사
발치,흥,입고,이백,오랫동안
비용,들통나,코트,바래,폭
쵸,상견례,하려,최종,시내
유명,지연,해야,반이,수입
부하,경쟁자,동향,애잖,써
냅둘랴,구회장,경쟁사,귀가,트라
자성,안됨,수치,조야,여요
출세,지단,보신,자상,지식
날씨,아스팔트,흘리,사립대,전이
돛대,딱지,발바닥,쏠,은행
이사회,여름,데려가,상병,대출
법정,그해,ㄹ련,체질,이자
엊그제,출구,달기,고물상,규칙적
내리찍,충격,주심,오레,정해지
통수,시집가,벗어나,피부염,가시
한군데,상담,읽씹하기,찐따,으로서
머저리,함께,핀잔,세균,문의
큭,비롯,미지,쭈이,강도
갑,랍니다,같야,사인,해안
신선,취지,영재,팥빙수,땀
가줄,뵙,박히,단맛,흙
없애버려,행위,빻,폿해야,아래
쓰레기통,자매,준적,카톡프사,중단
차분히,좋아지,어떠신가,으니라,업체
인사과,숨,건설,햄버거,주사
게시판,배부르,위상,땡기,후반
문란,보안부,도출,씹돼지,보세
승진,소송,저자,백수,조개
흠,정부,상당히,대기업,조깅
골목,날벼락,심혈,면접,관찰
장식,상처,젊잖,썪,유리
장안구,곧이,기울이,찝찝,바위
꼬메,나아지,그나마,곰팡이,항공권
장애인,형편,초등학교,도착,완성
뱃대기,같애,덤벙거리,메롱,콜라
걸레,괴로워,풀어지,탈,션
수원시,끝내주,헤실헤실,메리,돋보이
갱생,턴,갇,차갑,증후군
사이코,비교,불평,타고,60
빨랑,더럽히,찡그리,죄책감,오렌지
팔모,명예,조치,주민,요리법
쉐이,어깨,상대,든가요,민도
반쯤,겨우겨우,끝가지,짤르,산책로
뒷골목,세정,귀머거리,완료,울릉도
개발,쫏겨나,골탕,놓아주,액세서리
노원구,무일푼,덤탱,뷰,오프
관심없,대부분,웅얼거리,콧구멍,주장
감독,파카,흑흑,가만있,승률
지긋지긋하,작품,됬나,헤이,엠
주일,인성,긴히,설사약,정호
날뛰,쪼금,친화력,피로,발레
몰살,생색,따름,덕분,어묵
침입죄,짜증,란다,팅,전쟁
더더욱,다음번,주일,하려,라이브
노이로제,개통,안받,단정,150
항의,엊그제,대학원,적당,임성
티비,종료,긷,마야,경기력
쇠약,이즈,명문,삐뚤,반전
웅웅거리,쓰심됩니,대생,팬,크루즈
간사,안돌려줄거잖,사우나,거니까,2049
간절,짜지,어제오늘,홀,새끼
번의,보도,박주,어처구니,나트랑
고도,멋,보지,없네,벋
푼,실리,고도,깟,골절
서운,렬,남기,차한,요양원
지금쯤,노인장,신안,부장,뇌졸중
도주,슬슬,뺀질,낯빛,반찬
방향,물리,꾸지,부딪치,조치
유학,쓰기,멈추,마진,비관적
하갔,빈아,청탁,종이컵,튼튼
버리갓,딸리,되는거잖,법적,강의
거처,비서,허심탄회,토박이,지루
내래,출마,속상하,궝,조율
진입로,장면,넘어오,촤뢔,축
팔아먹,역사,외로,절반,효율
변제,변경,좁,정우,폭발
진지,인생길,야식,만날,며칠
내시,말썽꾸러기,모자르,우울,가해자
주입,만취,정희,이대로,성인
다시피,노리,쉬쉬,풋,한잔
진상,여학생,서둘르,연봉,가벼운
소독제,보통,대출,나아지,감량
세팅,통이,이때,서로서로,낯설
수액,어긋나,설정,가르침,정책
책상,시험지,치기,마른,잠들
너잖,반이,작업자,떠다니,최악
유선,집구석,서운,둥둥,한국어
깨우,태어나,방면,퍼지,변호사
부어,참말,고리,제외되버렸잖아,족
좆같,나와,방향,전화비,황금
생일,계주,걸어오,화한,선정
생인,계가,상대적,신청,이지
어쨌거나,영감탱이,귓구멍,못한거잖아,일출봉
결론,둘째,재희,몸뚱이,다큐멘터리
곧이,살수,라뇨,굵,도심
구니,롤렉스,꽝,나간,기자
깜냥,흠집,몰래,배짱,샵
억측,운행,강희씨,따듯,견과
관악구,기름값,주인,반송,소나무
등록금,한심,ㄴ다면서,두던,클래스
유감,팍,착오,누군가,시범
퇴학,팍팍,새우,따끔,탐방
장학금,구구,희망,직시,한방
관악,추천,수능,나의,E
벌어,소비,이면,흐르,마늘
가벼운,불구,입시,손목,확산
교인,모범생,경제,더럽히,노리
저곳,올리고,삼만,바꼇을수,2021
모둠,사과드리,꾀,연결,농장
오른쪽,해주셔야겠어,무료,금칠,ㅠ
처벌,망정,별것,전달하,인상깊
비한,발견,베리,증인,뮤
흉터,수익,쩨쩨,알짱거리,전적
흰색,방탄,햇,안배운잖,대승
진행하,가래,반도,울보,레이
레스토랑,알려야겠어,통하,마이,먹거리
젠장,침,데려다주,자래,한류
독이,리죠,자녀,솔로,시해
반신,밟히,요약,둘러대,황의
편들,유부,몸뚱이,못쓰,언더파
연선,얼버무리,계,사촌,황태
영선,발리,방도,전전,KTX
공항,조르,조금씩,실습실,클린
예약,텍,청,헤헤,천기
요구사항,나이스,헤에,기도,저축
침착,전날,도토리,깨지,중학교
뻔히,가만있,햄,허가,보일
상상,황금,토리,인지상정,주름
폐지,배신,견과,그분,꾸미
킹스,모조리,이라,줄줄,건지
맨,어여,시중,랬죠,확
권총,억지,트럭,명수,살아오
시리즈,변상,가져다주,졸졸,다툼
손끝,됬냐,구분,아스팔트,비누
저택,공유,지요,집착,봐주
영화광,갚았잖,바치,폭로,책임지
악마,닝,살빼,자마자,함부로
비유,시청,깡,잘만,계단
대부,제이,받아마시,골프,뻔하
철철,공인,넙죽,차도,퇴사
독일,신분,술병,까다롭,믿음
의자,금연,빼기,성찬,화도
오더,피셔,늦잠,소중,채용
발음,다섯,꼬락서니,패스,망하
초콜릿,파악,용건,성장,척
침입,릿,빡빡,원망,왕따
씬,테블릿,저면,헛걸음하,교실
국,꼬박,월세,분내,반대
현명,새우,지경,백화점,여행도
후반부,교양,뱉었으,임대,실제
두개골,과목,너잖,스테이크,기계
장면,단거,브리핑,덮밥,동의
피앙세,셀,하주,수입,처벌
오징어,괘씸,총대,오가,중심
슈슉,미납금,차기,떨어트리,골반
보임,열수,접대실,오지랖,그립
스포,빠짐없이,세시,청소년,방지
슛,맛보,밀어주,소액,인제
교통사고,존중,프린터,발짝,생물
뒈지,왜죠,ㄹ수록,딧,성산
결심,열흘,출중,조회,룸
대한,모레,동갑,삿,바닷가
접,몸뚱이,목요일,일루,작용
새롭,망가뜨리,자꾸만,ㄹ라고요,대나무
생색,별거,절반,노출,정지
요양,오죽하,도가,기만,타격
똥오줌,연인,명심,애래,의료
칵,욕,일찍이,상가,탈출
불효막심,집어던지,지리,명중,별빛
시노,소유권,속터지,노자,지수
드릴려,최악,거짓말쟁이,이방인,소변
잡년,생이,폴,날뛰,아몬드
의무,수학여행,셋,꼬붕새끼,보리
오줌,하늘,상도덕,공짜로,협회
참수,리까,상의,아푸,변신
크리스천,저하,이원,앨랠래,배추
공개적,지르,가냔,의지,섬유
겠냐,버릇없,는지요,지방률,판소리
지은,개꿀,초밥,분필,궁궐
이구,접하,효도,번지르르,약초
폭력적,시은,재미없,거려,나래
가스통,약물,가구,틴트,찌개
신세,중독,떠오르,있는거잖,수확
끝장내,정국,다뇨,루,MZ
가쟀지,린지,사활,남학생,흥행
길거리,농구,번복,닯,남궁
젠,슈퍼,벽지,내놓으롸,진안
보장,긁히,숙이,굼벵이,진하
인증,보험사,상하차,쯧,29
우정,했짆,양반,간소,70
불어,갚겠다잖,난이도,방장,한글
싶냐뇨,조요,일루,퇴,창고
난동,나가보,유별,캐시템,탄력
경우,눈알,유세지,므,픽
위생모,등급,대면,앵기,뮌헨
염색,하향,펄펄,출신,히트
갚는거잖,조정,칙칙,업고,패딩
정난,제외,화하,도시,비빔
긴하,더군,이리로,안되신거잖아,키즈
쓸모,완벽,쌍,젊은것,인가
붙잡,뒷처리,내야,엑,MLB
룸,얼마든지,실무,찐따래,나달
오고,횡단보도,하에,꼴찌,열일
꼬봉,빠트리,마음껏,분만,육상
돈줄,번화가,일곱,인터,우상
다면야,왠,보리,보자기,주간
일인,보다싶,잎,까칠,부츠
이지,질문,긁히,얼음,갔다오
뭐래,싫으,비도,연하,둥이
그만이,모조,물량,빨대,유진
천사,리다,많으,사이다,마라톤
짐승,당돌,존재,설탕,침샘
핵,감방,빠릿하,짬뽕,건데
발사,박살,아무개,주방장,고령
화장실,판매가,니일,꾀병,다가가
공중,복사본,드문드문,인슐린,원망
교도관,원가,본거,등골,흡연
형량,해명,부치,책정,화해
내거잖,놀러가,우체,욕설,연장
방안,땅문서,기수,고얀,따님
단순,봉,도면,거란,떠오르
발전,왼쪽,교정,영하,기기
우가,갔다오,신경질,임원,초라
랗,떙,예매,공식,익숙
깝치,땡땡이,만족,월수,오시
앞사람,가져다주,시도,오나,오랜
까칠,구두,헛수고하,비결,이상한
ㄴ다고만,간직,헛수고,요망,허탈
생사람,울먹이,부탁하는거잖,능력자,존중
미래,재미,야무,키스,보상
사태,폐수,지게,매력,참고
교복,협상,똥통,아무렇,이루어지
인도,꼼수,고등학교,뤈,멍
간섭,찬찬히,발톱,최고,당신
꼰대,긴말,연고,뒤통수,흔들리
바르,피눈물,전형,감사히,어이
없애버릴거,제사,양아치,피해지,사회적
무책임하,저승사자,모질,더하,밝히
일거,뭐래는거,광고,물이,보기
는걸요,우연히,적당,달래,깨지
절실히,순위,하청,더라니,세련
엄하,맡겨주,취업률,비추,지면
컨디션,선정,일일,적적,사이즈
팔리,기준,독하,장모,가리
보내오,인근,됏,초등,수도권
지금껏,방문,오가면,매너,남녀
개념,기초,구체적,좆,바둑
껏,수급자,시하,닝,대형
신기,뭐죠,감찰관,빡대가리,그린
벌받,이상은,입학,는지요,보관
이이,제니,딸아이,사죠,건축
담뱃불,보물,다지,관광지,고추
장독,출장,내요,폐기,팁
별게,동철,그지,당한,대기
모이,계모,거깄,사진사,재활용
뜨거,볼려,크크,인쇄,하이킹
횡단보도,돈벌이,트집,콘,색깔
빌딩,ㄴ걸,꼬숩,잘르,헉
놀이터,시비,살살,스토커,신비
이웃,사귀,단순,향수,방학
에너지,외로워,뛰어나,하드,글쓰기
정신과,아마추어,상태,더군다나,이드
가망,셔츠,뻣뻣,대학생,아산
려구요,짬뽕,고고,고등학생,입구
짭새,싯,협업,미지,고흥
앞뒤,쪽팔리,사도,고분,진이
ㄹ라고요,늠,엎드리,은걸,가든
두발,귀구녕,어쨋든,틀,상징
퉤,반창고,사기꾼,팔걸이,야채
금연,네에,초반,올림,록
졸,해조,이상은,쪼끄,독도
아끼,요고,기장도,땅꼬마,건배
추적,빙신,종업원,내면,500
래서,긴요,시대착오,때래,스니커즈
밤새,적인,빨간색,때래해면,원피스
성적표,성격,알아주,상위권,솔로
집중,아시냐,정은,학비,SSG
려고요,얼마쯤,계획안,교과,국악
네가,손대,꼬질꼬질,상과,힙합
빌빌,사이즈,건사,은행,체온
상식,토토,팍,종업식,카페인
구독자,데려가,자의식,밝혀지,36
깨끗하,강지,마랑,럐,네스
즐겁,복무,처녀지,블루,일본도
투철,기합,연설,최하,크로
말기,종일,귀신,천만,내자
연결,골든,깔깔깔,절뚝거리,시금치
문화,타임,눈치채,깜빡이,보성
훌륭,같어,까탈,움찔움찔,혜은
분사,흉기,대통령,당해,부서
굉장히,사시,삐죽삐죽,고심,급하
재가,개인적,참견,지어낸거잖,알아주
소유인,붙잡히,점잖,대결,쓸쓸
테이프,깨끗,뚫,자립,허락
번지,꼼짝,피어싱,어린,편지
불이,뒷주머니,한재,기본적,곤
성냥,소식,차트,축,기침
거대,괴,내역,빼야,어떡
완전히,규칙,견제,들먹이,식구
아름,식사,고깝,싫으,보너스
즉,윗분,국장,닥,오십
타오르,대접,수사,씻기,고립
기름,기관,ㄹ지나,먹지,벌쓰
구입,강요,산서,질려,일로
완성,뻥튀기,출세,컨디션,다네
불로,뚝심,있는시람,점수잖,언제쯤
쿵쾅거리,수주,이니,소침,누리
여행,병문안,현우,선거,상대방
어떻하,보드,바이어,켜주,겸
안가,기아,소홀히,다리아,수능
경적,심성,이기자,파,하루하루
열라,거짓,덥썩,폼,내부
안당,오냐오냐하,손놓,발목,도시락
시동,월급날,놀래,불복종,플러스
안전벨트,뻑,굳어지,물병,되찾
휴게소,조카,탄산,짚,지난주
스피커,불가능,잡아당기,우주,지켜보
음소,염려,삼,게으르,피아노
출발,슬리퍼,탈,멋대로,신혼
깨끗이,그르,위선,깍이,턱
괜하,입상,학사,전세,타운
둥이,시우,자르기,안면,조건
진전,전적,쓰신거잖아,눈꼬리,압박
위생,홀라당,망가뜨리,삐뚤어지,화분
블랙,읍시다,낮추,색맹,들려주
궁금해하,잡수,세살,문제없,감각
캄캄하,재단,주지,신호등,사전
본대,상부상조,내비두,ㄴ다면서,고소
매달,래도,매달,메뚜기,주소
지역,이라,박근,시설,우산
짠지,시세,불러오,겠죠,일리
약이,아집,빠딱빠,해하,향도
쿵쿵대,ㄴ대요,미숙,검,법적
리죠,이판,빼먹,본분,포장
보살피,사판,수박,싱싱,형태
라지,뺐기,ㄴ다니까요,소심,극
구라치,도망치,큰사람,첀,썰
쪼가리,맞을려,호박,걔얘댸,소주
잔돈,법장,얼구,트만,우유
접선,자대,시원찮,폭언,보트
지난주,물기,장고,제기,90
조심합시,말르,가꾸,하등,포구
마저,쪼까,저렇게,뒤쳐지,광화
족,쓰발쉐이,밥상,재우,퓨
연장,ㄹ라만,수산,외출,스트링
일찍,아재,시장,커버,오션
제때,불것,짐승,무임승차,평점
똥,성질,준수,박이,톱
밟,갈통,쩔쩔,병이,렉
침,십장생,모욕적,대놓,젤
쪼개,빨랑,겠네,렇,촉촉
단말,선수,느긋,대중,청와대
음주,고만,남아돌,의견,야영장
전화기,트위터,장남,방문,충남
찌를거잖,뱅크,익히,반전,인도네시아
뺑소니,게시판,여하튼,교양,프리미어
가루잖아,박민,카톡으,엿듣,벨기에
는걸,규,구역,껏,오오
달려가,민규,무음,하나하나,모비스
교실,자구,씹,마감,화제
소년법,페,힐링,렌즈,여정
세여,칼날,세계,쌍꺼풀,힘차
평범,은색,갇히,따라하는거잖,X
보시기,으란,다고만,이따가,리딩
헐,모자르,실은,재산,헌법
기만,출산,치료,챙,걸레
씻기,개기,힝,개소리,달이
배수구,비우,세은,홈,홍보
협조적,주무시,넬,쇼핑,깨
샤워기,버나,열등,으란,내기
두들겨패,윗사람,우동,커뮤니티,구라
청소,테스트,공갈빵,냥,대인
배수관,솔루션,어이구,미디움,대이
역류,사용료,우연히,운동화,약간
휴지,시켰,니즈,돌려보,돌아다니
얌체,닦,저능아,듯이,잔치
한결같이,곳간,유전자,겻,불쌍
세금,마냥,비워두,와꾸,폐암
안내면,법인,펴보,강원도,폐
감옥소,맥,내밀,트집,책임
봤노,펼치,의가,모함,두려움
안타깝,구멍,훈련,진실,연금
드릴,감도,기계적,지하실,학과
정상적,번의,흡연,입상,관하
쑤셔박,막내,차림,바퀴,저러
성과,전세,후진,한둘,부인
주말,억정,엄연히,기어나오,떨리
눈동자,뚫,함,어슬렁거리,알바
한일,제부,호의,딴이,판정
썩어빠지,토익,하마터면,전자,구분
내비두,시멘트,참한,자세히,기본
무턱대고,배관,용무,베란다,대행
ㄴ다면서,해결합시,버릇없,체죠,이시
불참,목요일,자처,의무,경력
모임,깽판쳐,개도,부면,시끄럽
지하철,관청,리프트,뒷정리,대가
어꺠,상관없이,싶으몀,증정,흐르
라마,화딱지,기세,녹음,넘어지
의식,바른,평화,탈모,시술
퍼지,거르,스벅갔다와,넓,배낭
시스템,계산서,스벅가,점점,진행하
싸게,국세청,정돈,언론,종합
셋째,캐시,웨,이분,만드
뚫,엄연,미가,역점,에버랜드
허구,사업가,맡겨주,꼬박꼬박,새우
질식,자동차,보장,거래,협상
노인,한창,템,마인드,미디어
조교,얼구,되기,하도,완료
듯하,도주,갑작스럽,체중,음식물
일당,따뜻,포상,암튼,일회용
청부,옮기,모레,겸손,탄소
유미,승하,거란,샛별,팀워크
내달,한아,이비,아프리카,아름다움
전교생,찰떡,점하,짤,뱀
강당,심보,천부,취향,가성
금이빨,약골,건강관리,아가리,영도
시발점,교재비,꼼꼼히,지은이,산도
삐,랬으,밑에서,거우,아티스트
괜,감옥,쓸데,걔네랑,원료
찮냔,수중,지긋지긋하,피자,이하
아녜,처먹,움,지난주,요거트
법적,체,후배지,임의,식도
상호,제적,이러하,거시,팝업
기재,해하,따라하,화채,2022
변호인,붙잡,서도,커팅,버터
이라,차도,이만큼,목도리,여의도
기어나오,애끼,하차,도마뱀,대통령
반죽,까약,분류,강요,휴양지
미친것,집어넣,후유증,오케이,청주
수준,담아,백신,크림빵,화사
덩어리,흰색,테도,놀이터,군산
점원,더블,껴들,부정,시네마
잡아먹,퇴사,아저,늦어지,성당
사춘기,기밀,바리,세일,석이
속상하,주입,십,차례,백운
내리깔,담기,임신부,크흐,’
저분,백대,냉장고,꼰대,힙
놓치,좋앗,선수,가득,밀수
위협,자나,모습,테스트,MC
외지,망구잖,중앙,개해,퀸
맞을려,망구,메모,과거,지혜
금고,목돈,수천,쓸데없,맥스
열쇠,마음잡,우아,회식,승마
텃밭,새파랗,디자이너,좋은거잖아,통산
신발,음탕,기록,광범위,글스
저놈,나빠지,주머니,성분,함유
어느새,짭새,주하,혈압,숏
고비,하쇼,연장선,흔적,신장
과학,수영,복용,세포,잠실
다녀오,백정,곡,분열,중식
싸움,주아,재우,복지,변비
갈수,땍깔,저축,조사,마루
가스,정산,배도,금요일,자매
죄다,이백,나누,론,비단
주쇼,최근,한이,근육,삼계탕
내팽개치,추행,마구,뫄,미스터
새삼,조작,더니만,먜,유재
신속,한탕,무뚝뚝,애같,현경
공포,하려,청바지,안어울린다잖아,솔라
꾹,월도,런지,텍,아우터
짜리,승급,의심,클레임,영광
고프,도래,가만있,별로라잖아,시리
멋,씹새,려고요,밟,막내
지시,되는대로,그만하,땡,지각
깨어나,불쌍해,사분,넨,빌려주
유턴,휘젓,불참석,눈알,안쓰럽
월요일,레스,다섯,화장품,부정적
자폐,샊,섬,일개,비통
얄밉,관절,제도,호가,배우자
난처,안주머니,비버,속도,조정
웬일,프트,귀엽,타이밍,갖추
외롭,기프트,배부르,시댁,렌즈
공,스크래치,외삼촌,도무지,큐
중한,성병,안와,실용적,잘못되
관제탑,진단서,잡초,케이크,참석
교신,글쓰,복무,반복,남의
내뱉,근거,대접,빵점,건강관리
한잔,자존심,격투기,잔뜩,내야
재촉,명령,성장,크기,섭섭
가석방,억울,월급날,속옷,망설이
닙니,사연,성폭력,반려,꾸
어떠대,전과자,귀엾잖,견,이어지
여라,신기,줄어들,자격,끼리
시방,정한,제리,대가,시래
모르니,돌기,톰,여대생,휴대폰
나치,지긋지긋하,커뮤니케이션,긴하,어른
공장,소할,나지,시도,결
깎,퇴원,이경우,냨,ㄹ수록
빡빡,전치,구하,퓻,기관
임금,주가,똘똘,고장나,쐬
노동부,무도,타다줫잖,고장,일으키
수금,슈슉,하직,생기래,경쟁이
고기,헤이,괴롭,은가,재도
분유,찌르기,손찌검,보죠,그녀
노동력,두지,이자,받아야겠습니,사내
여시,쿨하,실수해,티켓,기획
와중,넉넉,정역,데는,동시
가슴,가계부,인증,애니메이션,건망증
코털,열라면,메이크업,학과,강사
확보,뭉텅이,슬리퍼,비호,패턴
믿을거잖,미안하지만,고객,귤,만지
왕따,즉시,입지,기름,녹내장
사업,혹여나,붇,혼혈,기원
젤,준다잖,안통,기업,진도
서민,접속,박살,고양이,접근
한지,그곳,후원,외계인,기온
나사,접속자,뻗,착용,토끼
유치원,마른,건방지,헛소문,네덜란드
사흘,머리에,외롭,숙이,논란
염병,사은품갯수,집어치우,번째,테라
주택,에어컨,검은색,있느,야생화
외출,사은,화분,밌,주목받
고지,도둑년,정이,부담,대사
물심,끼우,여행가,다그,벽
양면,쓰리,살펴보,충격,장비
유언,야간,기차,평범,라벤더
그어주,근무,있이,렙,투표
협박하시,소액,자면,람각,모드
학교생활,갑갑,강제,유산,박람회
폭언,유도,돌려보내,손주,멸치
상당히,부숴지,ㄴ대요,현금,멍게
뻥끗,절차,일급,뮌,영양소
정아,아의,물류,한글,송이
계정,홍,네죠,꽃,칼로리
심지어,여자애,허용,콜,레이저
탐,몽블랑,눈코,시아버지,찰떡
했더,천은,ㄹ새,보까,연못
보래,풀칠,사물함,싫댄,성도
호강,치사량,인포,봉,남산
일일이,는군,데스크,불고기,산과
맹독,승호,드라이크리닝,삼각,염색
발버둥,인식,와이셔츠,김밥,목포
어가,쩨쩨,깨끗,뚱떙이,농원
첼린,설치,하얗,이뚱땡이,‘
서로서로,시다,별다르,퉁퉁,정은
창,일내,환영회,이라고,몸매
첫째,자야,최근,맡기,악뮤
유치장,겸사겸사,휴식,븥,3000
부셔버겠다,보시구,조류,빨리빨리,로고
부셔지,오래오래,다인,일반,서점
꺽,꽂,지능,둬야겠어,메기
어쩌다,조금씩,요가,서빙,식물성
서버,내버려두,감동,상추,스위트
니더,편,졸렬,아랫집,둘레
죽인,구아,불안정,까치발,골목
변하,붕,읽,쿵쿵거리,럭
오롯이,뜨,지렁이,억,예고
무색,날아다니,ㄴ지라,고라니,메츠
무취,발목,휴간,떠돌아다니,소녀
겉,의리,엿듣,늘어지,야마
언,시체,상호,발견,연맹
휴식기,장만,더라니,사물함,퍼트
찾아다니,아악,부뚜막,좀더,본방
노숙자,열고,꿰찻,걸립,아크
하찭,여권,떠맡,개념,양치질
보아하니,똑,맥주,성의껏,빨강
발톱,레,교외,탓이라는거잖,로제
눈치채,토리,을걸요,수거함,행
은희예,중한,스탈,뼈,교수님
가출,돌이,제하,안냥하쎄,용서
인정받,굽신굽신,점점,낄낄,겐
사회적,겠니,껍게,감수,지나가
상한,받아쓰,여깄,발음,이별
으렴,농약,진짜로,놀림,동아리
구더기,못쓰,우선,늦추,통해
본능적,엘,난가,컥컥,자책
감성,귓,집들이,수영장,의자
하필,녕,미끄러지,깨끗하,한적
수많,치가,팔팔,대소변,맨날
뻥,담임,일환,모래,원해
소니,찾아뵈,궁금해하,뜸들이,쓰러지
불합격,주랑,갈비집,벌금,샘
내내,앙,살리,기어오,사항
정청,음자,륵,한지,구역질
논,매년,중이,마마,흥분
일거수,단위,비타민,있늠,창업
일투족,미래,시즌,았늠,듯하
개발자,모야,봉,쫌생이,자존심
수정,가세,드립,뭍,차갑
전자,덧나,말꼬리,이내,앞두
기기,소시지,타올,유딩,더하
합격,꾼,마실,잔몹,맞춤
침투,그대로,찬물,비겁,기르
알파,안통,료지,새파랗,디자이너
사살,군대,정떨어지,가나,박스
막자,대당,시어머님,럭,줍
팔면,열대야,살벌,합의,아무런
우리말,종,취향,콩밥,마비
난같애,천대,당기,반드시,회장
가혹,이빨,메뉴,멀쩡히,릴
한국말,스페이스,교시,우랄,선글라스
날라가,비슷,학급,처방,돋
큰돈,일걸,활동,입력,대요
라니요,가락지,변동,똘마니,엔
야비,송아지,국어,수요일,ㄴ단
하도,주저,소식,새서,일반
들어먹,일어,빼놓,본데,가도
첨,무조건,지영,날으,작업
작업,별일,아랫물,촌스럽,에세이
잃었,가볍,채택,안목,폰
말할려,의도,려니,정이,트레이닝
헤헤,몫,고육,계기,변경
설,유지,가치,넉넉,일기
언젠가,풀어놓,순수,예지,온도
척추,감시,너무너무,휴가,흠
내도,개입,제산,핀,공예
낼,쪼가리,회의실,미련,준비물
이왕,그렇지만,빠짐없이,뚜벅뚜벅,앱으
자조,체면,채점,뚜벅,터널
미친년,숨구멍,스타벅스좀다녀,숨쉬기,주차장
도청,숨쉬,대안,기석,유용
이제껏,햇,시시덕거리,희수,로봇
계획,간신히,전표,모아,조각
제거,종수,오늘밤,떼우,펼쳐지
성당,상납금,이틀간,기형,엔딩
리더잖,패자,으려고요,자금,가구
선착순,대면,따님,담요,마술
얘네,충분,식비,피곤하,엔드
소원,놀이터,짠돌이,구세,대여
복어,라이브,점심밥,퇴근,제육
도발,걸레,엇,끼우,출혈
래라,흠뻑,지장,대사,함량
잠수탈려,사부인,꿇,커플,설탕
비켜주,희,정말로,갈아엎,신세계
아드님,쯧쯧,미처,겄,연말
돌려놓,성사,걔네,신분,삿포로
되찾,고한,쯤,주머니,야행
팔도,지랑,차로,끌,라이트
비열,얼마야,왓,탁,오월
경관,버리하,구지,진상,사보
하기야,사요,는군,타이르,샌들
어지간히,장사도,지지,귀하,오브
긴말,내손,아우,식음,트립
주란,갈기갈기,맹하,전폐,타율
잃어버리,막지,쯔쯔,거같애,핑
기관,마우스,안대,반인,공동
솜씨,깍에,잡것,띨빡,런던
임상,횡,설치,리얼,라디오
잡어,제야,알아두,직접적,전년
크흑,횡제,체하,하줬,코리아
누거,객님,다운,빈부,전도
브로커,민감,건도,격차,전라
손수,어떠신가,전체적,학번,백제
나락,심리,비상약,건강히,고원
질척,더러,인원수,참견,마크
없애버릴꺼,괜찮다,창녀,질아,트윈스
치러,브로커,애먹,만드,탄
베란다,점차,가슴,진하,U-20
자연,실직,건만,음식점,태극전사
마렵,협의하,롱,콧김,정찬
미술,인당,미래,땀나,슈팅
몰리,노인,방안,육,성현
상습범,봉사,겹치,인간적,너스
폭행죄,활동,시체,기온,수박
샌드백,왔씨,토악질,성인병,요로
보험금,기지,맡아보,오전,고창
뜯어내,몰려들,킁킁,특별,밥상
갖다주,굶었서,빡,전단지,다독
불행,금팔찌,할당,달려오,오뚜기
덮어씌우,경찰청,맞히,경찰차,바보
새기,귀하,사복,구급차,반영
가십,포착,결과지,정신력,조차
고간,개설,모야,방패,많으
쥐포,진아,관리자,화재,부리
볼링,여윳돈,초안,만사,코드
계신,소외,초보,심기,마저
이도,깝치,재료,아보,확신
건망,만난,시원,봤잖,부위
종착역,껏,는다니,반짝거리,띄
적용,응원,절대로,제한,수정
목걸이,만족,정규,항암,헷갈리
불어나,호의,너와,완치,야간
이율,없애,질러지,판정,진통제
빌린거잖,걸음걸이,손버릇,앞두,편의
독아,흙탕물,관리도,반짝이,되게
설렁탕,튀기,매사,눈부시,상실
헛수고,땜,듣재,이상은,환멸
으려고,더러워지,굼벵,고무,약점
하루빨리,세탁소,했야,깔보,시켰
착,아마도,무능력,작렬,표정
수해,맞들,원단위,지래,보고서
사랑받,자루,리죠,랰,이르
원한,후리,제죠,개똥,근무
국밥,오진,감사히,을라고,해하
주제도,페달,제보,캬,두피
실시간,숭숭,클레이,장애아,장점
녹음기,서진,기업,젓갈,공무원
전송,화상,쏟아지,이보게,봉사
카메라,녹화,추운,말단,확률
장치,메세지,멤버,절차,대장암
잘만,보시기,춥,하구,지갑
가로,서울역,추위,잡히,공장
이사진,성과급,여년,일정,군대
알몸,전남편,맞벌이,확신,진실
군진,뻔히,코로나,양치,영감
안달,넘쳐나,풀리,입냄새,서도
무사히,알아내,용모,동참,인물
택배,썅년,코앞,진료비,차별
형식,팔자,항의,데이,반려
검정,거잖아,있댔,부주의,견
쪽수,호로,고선,지팡이,테스트
윤,멸치,되돌,유진,어둡
동철,구입,제육,운동장,너희
보이스,분한,볶음,육안,일전
싱,테도,통조림,원칙상,음료수
전화번호,및,렷,볼거리,규모
대본,근,누렇,불구,기구
박세,김정호,거역,디스크,가짜
멍청이,헤,개기,매이,손목
지검,절대로,개차반,어쨌든,구성
연루,해치,운전기사,죽여,케냐
업무,찢,납시,소속,엽
해당,역겹,타지,개인적,캐주얼
하교,깟,하연,좌석,초콜릿
구멍가게,갉아먹,얄,실시,마라
입술,소나,제본,송,에뛰드하우스
도둑년,여차,퇴원,재밌자,퇴행성
장인,유서,시야,간만,바이오
덩치,고이,전용,토요일,콜라겐
햄버거,놔두,카풀,협박,바리
렴,구체적,여전,누르,장도
망한거잖,가르치,헛소문,눕히,언덕
방구석,학회,위지,유치,레일
모리,품위,그랫다,쨃,서원
애기,거둬들이,할죠,짢으,여행사
현질,이만저만,제안,싸움,인터
실컷,전달,과자,절름발이,무릉계곡
높이,되어가,흐트러지,한판,썰매
자존,사지,소름,되묻,앙
감도,발가락,을래요,깬다잖,1000
깍아내리,어리석,한계,유투브,띠
헤드,끔찍,수저,상팔자,전개
샷,반드시,쇼핑몰,개팔자,상호
테스트,들킬,정가,말세,도도
총은,말할려,복구,등산길,동반
안이,쟈,감지,빼주,헤어스타일
환기,빠마,방지,기세,워터
벌금,없거,적발,나무라,인왕산
좇,면도날,소스,상전,국화
연세,긋,원격,얌전,다원
끌끌,쩡,시어머니,버지,회도
신인,필히,수술,대차,사상
매니저,출석,이주,저능아,방역
ㄴ다면서요,불가,와이,막무가내,획득
무대,참석,프랑,갓길,재가
계,인상,빨갛,못되,럭비
솓,오로지,부동산,서류,첼시
신문사,점주,빨개지,왼쪽,등판
임신,여러분,맞넹,문신,페널티킥
잡혀가,사실상,큰일나,애꾸눈,포스
연예인,이익,씰,주지,풀타임
데이트,원재료,기합,마기,민정
바라보,사가시,강원도,영,감자칩
삼송,자유,서투르,관계,체육관
그룹,의지,밥상머리,랴,특가
탈세,시위,어린애,정중,신성
천호,비열,마셔야겠어,같노,징
우미,말안하고,겠다,잠그,유괴
린,할매,건느,소각장,마애불
경,어무이,거구,고마워하,바게트
하여,고자질,월금,안되는거잖,안해
딩동댕,쟁이,권력,못내,넘어가
피아노,보호자,남용,아래,지르
권리,둔덕,재활용,코끼리,이웃
대한민국,수행,현황,마련,부족하
직업,문방구,낡,래잖,여쭈
택하,대전,너덜너덜,저의,두고
수십,표,젖,뒤돌아보,막히
ㄴ다네,집해,필승,눈빛,종일
권력,끊이,종교,청치마,정밀
탄로,큰누나,교회,외면,및
오산,보인다,사이다,애써,대책
목매달,소고,또라이,쉿,한정판
작별,소고기,씌우,사적,요양
별수,고기,열명,공유,강요
유혹,무사히,팡,보살피,의사소통
함정,니꺼,살려주,영역,색감
경찰청장,벅스,까다롭,교육자,확보
로만,올려놓,접때,얼버무리,무너지
취주,어려워지,준지,자질,채우
조회,회색,딴,자녀,일과
초상권,아니오,계신,상세,수출
침해,잡고,졸업장,체육관,듣기
집어치우,빌렸짆,성질,수학책,닫
동의서,데는,귀하,낙서,외로움
신사,어만,온도,덩어리,자욱
실체,수민,추우,일반인,가까이
뒷조사,추심,난방,절뚝이,하세
인스,적이,전기,앓,장애인
배상,대금,하극상,방아,사망
청구,자로,베끼,깨비,활력
불면,수법,수습,곤충,마실
분질러,알아주,과제,맹세코,새벽
싱싱,청구,빼버리,의족,택배
무식,입이,조작법,환냐,등급
노인네,왜에,경쟁,설정,동하
소년,평온,여서요,물어보는거잖,만남
동강,볼일,버그,까먹,얇
설계,내장,앨리트,비번,화상
한테서,샤프,유디티,마약,아무튼
재혁,쾅쾅,앨리,빼빼,만이
귓등,쾅,제과,신지,지질
귀가,철컥,우편,교시,염좌
족하,괴물,카피,공터,희귀
놀라,써먹,경리,퍼뜨리,녹
배알이,웃음,크기,참교육,저하
추천,법보,정해지,다전,깨끗
싫으면,금속품,하필,떠들,검
배알,골동품,성취도,간단히,특정
선택지,망신,정신없,순화,자동차
다섯,일세,백날,외로,토마토
다린,ㄹ세,맞대,메가,태양광
희희,냥,일꾼,실밥,생태계
섬,갔잖어,갈고,조치,텀블러
반주,마켓,세고,단호,중고
살림,뽀,탑재,대놓고,대중교통
신호,돌아보,탑,익공,후원
펑펑,흔들림,재가,빨갛,화요일
쏠,부드럽,무가,고군,놀이터
음흉,무게,상당,익,제로
못나,아물,존칭,군고,산성
불쾌,올려야겠다고,유가,마지,필드
정밀,올려야겠어,휴직제,군고구마,실시간
수술비,빼간,써보,마니,열린
싸돌,걔한테,탄,실명,제래
발목,모르는,지려,감소,연결
공구함,필요없어,쥐죽,까막눈,조리
떨리,친군,거만,아예,에피소드
일석,말할거야,넣으랬,제어,문학
벼리,전이,한강물,방송,숙성
돌보,폭력,하사,형식,녹색
먹지,그러게,왓냐,밥값,애플
일석이조,급전,국회,또라이,스테이크
림,답장,수한,편드는거잖,달달
범위,먼데,여름휴가,휴먼,육수
늘리,뛰어가,남들,끼리끼리,템플
그렇지만,공과,처남,일반적,영주
잡아떼,입지,과음,대요,S
헛생각,연락도,힘들다잖,제도,유채꽃
들려주,남남,그런거잖,저리로,>
비명,뒷사람,숙련도,슬리퍼,순두부
여쭈,로드,노리,좡,우승자
빠따,샵,꾸중,축구,미팅
쥐약,삿,당사자,민경,발효
베개,텅텅,철판,쯔쯧,마스터
들이받,된,세금,거잖아,러브
일어,횡포,횡령,샵,타점
알짱대,전교,군지,갖추,완패
드러내,좋겠니,법원,전이,침묵
민감,나서,내쫓,미끄러지,케이
두들,경도,유망,표현,골키퍼
아람,단하,한동안,국적,오메가
수진,낸다,믿음,진단,이구
삿대질,모라,저버리,촛불,정수
영문,말하면,계좌,박명수,공주
학과,일자리,신병,프라이버시,VR
파렴치,순대,범례,뒷장,소연
한이,드드,팩,노트,에이스
읍니다,드론,던지요,훔쳐보,복싱
핏줄,초준,쩍,히히덕거리,세네갈
먹물,길가,는다고요,무너지,공격력
내편,초안,힐,세쉥,신예
출소,왕,호텔,사춘기,디스
김뽀,섹스,스위트,이오,레지
헬멧,비디오,룸,갈아주,베이징
살벌,익명,신해,메일,젠지
깜빡이,해보자는,제시간,고용,멜론
보복,본보,느냐,허울,ATV
아니라,품절,군인,입사,결석
여깄,위자료,푸쉬,이직,응급실
여태,들어스,합다,국가,캔
에타,선아,씨리얼,백날,호캉스
만이,차이팟이에,대놓,지원금,수국
끼여들,샹,머쓱,가끔가다가,모발
수없이,샹놈,진달,발진,로더
빙신,박하,웹툰,일본,현준
오히려,러요,다되,환아,연모
흔들리,하도,부처,노처녀,로레알
행정반,추석,어쩌면,신혼,다섯
제와서,명절,은미씨,초콜릿,꺼내
호수,수당,재떨이,미리미리,데리
후련,임자,고만,마음껏,처지
찌그러지,하청,어긋나,복습,학대
허리뼈,담합,한번만,배부르,수제
관계없,위조,이기기,푸념,생각나
후비,책잡히,계급,재야,막상
임종,면목,상승,알아내,참으
꾸,낙인,이례적,민재,미용실
ㅁ에도,선거,시절,캐,분의
겠지,휘감,껌,정치인,과외
그만큼,보내줄려,어려워하,룔,안정적
급식,까네,죽겠네,소립,비난
팩,안사랑,치이,의원,수저
전교,시방,팔자,사퇴,경매
울타리,금융,취사,물러나,나름
다고만,헤헤,아이디,견인,협착증
가위,됬으,어거,호의,험담
조치,방도,통과,왠,방향
댕강,지면,헤이,먹자,적성
어르신,정중,영영,야말로,판단
앱,몸수색,오기,것다,주지
혈관,요양,한둘,상대방,방해
이내,땀,태초,꺅,소개팅
퇴사,간병,재수탱이,허드렛일,는군
휘두르,가나,방생,지우개,규칙
만드,식당,끔찍,가루,샤워
애마,분수,찌끄러지,궈,인원
봣구,스스로,프로페셔널,영기,직무
시예,악착같이,커리어,깔깔깔,전공
자야,아니꼽,속하,진용,조용히
러요,존경,검정,아드,박사
그간,당구,시래,균,취향
뒷돈,파다,프린트,눈웃음,사지
홀라당,당구장,벋,어지간히,기장
비리,차자,홍,남부럽,중년
원님,퍼붓,싸잡,가람,헤치
렵니다,다냐,게끔,잣,후유증
저편,건축,정대,티나,값
엮이,헌금,사연,제야,손해
휩싸이,회개,싫으,가수,초대
뿌러지,천국,내대신,손대,세라
거가,예수,통제,감고,섞이
경험,학용품,거칠,달라붙,피부과
엉망,뭐라,복사지,떡,소음
한동네,주변인,흠,지혜,기름지
업종,잘생기,그렇잖,기종,정의
외곽,프렌즈구,발끈하,차원,신규
기존,명치,수상,갈수,계발
분하,컥,훤히,마치,분기
잔지,엄살,수근,기론,리스트
뒤따르,소리나,거려,참고하,력
켜지,곰인형,잡고,질문자,최소
전화로,새록새록,갑시,조퇴,바이러스
저하,적선,퍼마시,핥아먹,드림
클락션,할아버지,쩔,조폭,샌드위치
클락,쯧쯧쯧,이부,현상,벌이
션,겁나,보여요,복숭아,읽기
미가,빳빳,어머머,수북,운명
나좋자,캬,간도,다리털,아프리카
돈방석,쌀쌀,막말,제모,분해
