idx,class,conversation

1, 일반, "엄마, 이번 주말에 가족 여행 갈까요? 좋은 생각이네. 어디로 갈까? 제주도 어때요? 비행기 표가 비쌀 것 같은데. 그럼 근교로 갈까? 가평은 어때요? 좋아, 숙소도 알아보고 맛집도 찾아보자. 알겠어요, 제가 찾아볼게요. 그래, 고마워. 이번 여행 정말 기대되네."

2, 일반, "아빠, 주말에 시간 있으세요? 응, 왜 그러니? 같이 낚시 가고 싶어서요. 오, 좋은 생각이구나. 어디로 갈까? 청평호 어때요? 좋아. 장비는 내가 준비할게. 미끼는 제가 살게요. 그래, 고마워. 오랜만에 아빠랑 둘이 가네. 네, 정말 기대돼요!"

3, 일반, "누나, 요즘 어떻게 지내? 바빠서 정신없이 지내. 너는? 나도 학교랑 알바로 바빠. 가족들이랑 시간 보내기 힘들지? 맞아, 다들 각자 바쁘더라고. 이번 주말에 다 같이 영화 보는 건 어때? 좋은 생각이다. 뭐 볼까? 액션 영화 어때? 좋아, 예매는 내가 할게. 간식은 내가 준비할게. 알았어, 기대된다!"

4, 일반, "할머니, 요새 건강은 어떠세요? 허리가 좀 아프구나. 병원에 가보셨어요? 아니, 괜찮을 거야. 제가 모시고 갈까요? 그래주면 고맙지. 내일 아침에 올게요. 알았다, 고마워. 검진 끝나고 맛있는 거 먹으러 가요. 그래, 좋구나. 할머니랑 오랜만에 데이트네요. 그러게, 할미가 기대되는구나."

5, 일반, "형, 이번에 승진했다며? 축하해! 고마워. 네 덕분이야. 내가 뭘 했다고. 항상 응원해줘서 힘이 났어. 당연하지. 형 노력한 걸 나도 잘 알잖아. 고마워. 이번 주말에 시간 돼? 응, 왜? 한턱 쏘고 싶어서. 오, 좋지! 어디서 만날까? 신사동 맛집 어때? 좋아, 기대된다!"

6, 일반, "언니, 이번 주말에 결혼식이지? 응, 그래. 긴장되니? 많이. 도와줄 일 있어? 당연하지. 뭐가 필요해? 들러리 드레스 고르는 거 도와줄래? 그래, 기꺼이. 언제 갈까? 내일 저녁은 어때? 좋아. 7시에 만나자. 고마워, 든든하다. 당연하지. 언니 결혼식, 정말 기대돼."

7, 일반, "아들, 학교생활은 어때? 재밌어요, 아빠. 친구들은 잘 사귀고 있어? 네, 좋은 친구들 많이 사귀었어요. 다행이구나. 공부하는 데 어려움은 없고? 수학이 좀 어려워요. 그렇구나. 아빠가 도와줄까? 정말요? 고마워요, 아빠. 그래, 오늘 저녁에 같이 공부해보자. 네, 기대돼요!"

8, 일반, "여보, 오늘 결혼기념일이야. 기억하고 있었어? 당연하지. 꽃이랑 선물 준비했어. 정말? 고마워. 나도 당신 선물 준비했어. 오, 뭔데? 저녁에 집에 가서 열어봐. 알았어, 기대되네. 오늘 저녁 뭐 먹을까? 레스토랑 예약해뒀어. 와, 멋진데! 사랑해, 여보. 나도 사랑해."

9, 일반, "이모, 오랜만이에요. 잘 지내셨어요? 그래, 너는 어떻게 지내니? 대학 생활 재밌어요. 그렇구나, 학과는 적성에 맞고? 네, 재밌어요. 근데 과제가 많아서 힘들어요. 그래도 열심히 하고 있구나. 방학 때 우리 집에 놀러올래? 정말요? 좋아요! 언제 갈까요? 다음 달 초에 오면 어떨까? 네, 기대할게요. 맛있는 거 많이 해줄게."

10, 일반, "오빠, 생일 축하해! 고마워. 어, 선물도 준비했네? 당연하지. 열어봐. 와, 내가 갖고 싶어 하던 시계잖아. 기억하고 있었구나. 고마워. 마음에 들어? 너무 좋아. 오늘 저녁에 시간 돼? 응, 왜? 맛있는 거 사줄게. 오, 좋지! 어디로 갈까? 네가 좋아하는 곳으로 가자."

11, 일반, "너 이번 주말에 뭐해? 가족 모임이 있어서 못 나갈 것 같아. 아, 그렇구나. 자주 모이는 편이야? 한 달에 한 번 정도? 좋겠다. 우리 집은 다들 바빠서 모이기 힘들어."

12, 일반, "친구야, 요새 표정이 안 좋아 보이던데 무슨 일 있어? 부모님이랑 좀 다퉜어. 왜? 무슨 일로? 진로 문제로... 서로 의견이 안 맞아서. 힘들겠다. 대화로 풀어보는 게 어때?"

13, 일반, "선배, 이번 명절에 고향 내려가세요? 네, 오랜만에 가족들 만나러 가요. 좋으시겠어요. 선물은 준비하셨어요? 아직이요. 뭐가 좋을까요? 부모님께는 건강식품이 좋을 것 같아요."

14, 일반, "동아리 회식 날짜 잡았어? 아직. 다들 가족 일정 때문에 시간 맞추기가 힘들더라고. 그렇구나. 주말보다는 평일 저녁은 어때? 그것도 좋은 생각이네. 한번 물어볼게."

15, 일반, "야, 너 요새 살 좀 찐 것 같던데? 맞아. 할머니가 몸보신하라고 매일 보양식을 해주셔. 부럽다. 우리 할머니는 멀리 사셔서 자주 못 봐. 그래, 가족이 가까이 있다는 게 좋은 점도 있지."

16, 일반, "이번 방학에 뭐할 거야? 가족여행 갈 거야. 어디로? 제주도. 좋겠다. 우리 가족은 다들 시간 맞추기가 힘들어서 여행을 못 가. 그렇구나. 시간 내서 다녀와. 가족이랑 보내는 시간이 소중하지."

17, 일반, "너 요새 왜 이렇게 피곤해 보여? 집에서 동생 돌보느라 힘들어. 부모님이 맞벌이셔서 말이야. 힘들겠다. 그래도 가족을 위해 노력하는 모습이 멋져."

18, 일반, "주말에 뭐했어? 가족들이랑 등산 다녀왔어. 와, 좋았겠다. 다들 시간 맞추기 힘들지 않아? 그래도 한 달에 한 번은 꼭 시간 내려고 노력해. 가족 간의 유대감을 위해서."

19, 일반, "너 요새 표정이 밝아 보여. 무슨 좋은 일 있어? 응, 오랜만에 해외에 계신 언니가 한국에 오셨거든. 오, 그래? 가족이 다 모이니까 좋겠다. 맞아, 오랜만에 가족이 다 모여서 정말 행복해."

20, 일반, "이번 주말에 뭐해? 동생 결혼식이야. 축하해! 들러리 서나? 응, 처음으로 가족 결혼식에서 들러리 서. 긴장되겠다. 그래도 특별한 경험이 될 거야."

21, 일반, "친구야, 요즘 연애는 어떻게 돼가? 별로 잘 안 풀려. 무슨 일 있어? 서로 바빠서 만날 시간이 없어. 그렇구나. 데이트 계획은 세워봤어? 주말에 시간 내서 하려고. 좋은 생각이야. 어디로 갈 거야? 한강공원에 피크닉 가려고. 낭만적이네. 재밌게 다녀와."

22, 일반, "선배, 이번 프로젝트 어떻게 진행되고 있나요? 생각보다 어려움이 많아. 무엇이 가장 힘든가요? 팀원들과의 의견 조율이 쉽지 않아. 그렇군요. 제가 도와드릴 일이 있을까요? 회의 진행을 좀 도와줄 수 있어? 물론이죠. 언제가 좋으세요? 내일 오후 어때? 알겠습니다. 최선을 다해 돕겠습니다."

23, 일반, "동아리 회장님, 다음 행사 준비는 잘 되고 있나요? 응, 대부분 끝났어. 도움이 필요한 부분이 있나요? 사실 홍보 쪽이 좀 부족해. 제가 SNS 홍보를 맡아볼까요? 정말? 그럼 고맙지. 어떤 방식으로 할 건데? 인스타그램이랑 페이스북에 광고 올릴게요. 좋아, 기대할게."

24, 일반, "선생님, 제 진로에 대해 상담 받고 싶어요. 그래, 어떤 고민이 있니? 문과와 이과 중 어느 쪽으로 가야 할지 모르겠어요. 네 적성과 흥미는 어느 쪽에 더 가까워? 글쓰기를 좋아하지만 수학도 재밌어요. 그렇구나. 진로적성검사를 한번 해보는 게 어떨까? 네, 좋아요. 언제 할 수 있을까요? 다음 주 화요일에 시간 괜찮아? 네, 감사합니다."

25, 일반, "후배야, 취업 준비는 잘 되고 있어? 아직 많이 부족해요, 선배님. 특별히 어려운 점이 있니? 자소서 쓰는 게 너무 어려워요. 그렇구나. 내가 첨삭 좀 해줄까? 정말요? 감사합니다! 언제 시간 괜찮으세요? 이번 주말에 카페에서 만나자. 네, 정말 감사합니다. 많이 배우고 싶어요."

26, 일반, "팀장님, 이번 분기 실적이 좋네요. 축하드립니다. 고마워요. 다 여러분 덕분이에요. 저희가 뭘 했다고요. 팀장님 리더십 덕분이죠. 과찬이에요. 이번에 회식하는 게 어떨까요? 좋은 생각이네요. 언제가 좋을까요? 다음 주 금요일은 어떨까요? 좋습니다. 제가 장소 알아볼게요."

27, 일반, "룸메이트야, 우리 기숙사 규칙 좀 정해볼까? 그래, 어떤 걸 정하고 싶어? 청소랑 쓰레기 버리는 날 정했으면 좋겠어. 좋아. 청소는 주말에 같이 하는 건 어때? 좋아. 쓰레기는 요일별로 나눠서 버리자. 그래. 평일은 내가 하고 주말은 네가 할래? 좋아, 그렇게 하자. 다른 건 없어? 지금은 이 정도면 충분할 것 같아."

28, 일반, "선배님, 졸업하신 후 어떻게 지내세요? 회사 다니면서 적응 중이야. 일은 재미있으세요? 배울 점이 많아서 좋아. 힘든 점은 없으세요? 업무량이 많아서 좀 버거워. 그렇군요. 어떻게 극복하고 계세요? 시간 관리를 철저히 하려고 노력 중이야. 저도 참고해야겠어요. 도움이 필요하면 언제든 연락해."

29, 일반, "친구야, 요즘 우울해 보이던데 무슨 일 있어? 가족들이랑 자주 다퉈서 그래. 무슨 일인지 말해줄 수 있어? 내 장래 문제로 의견이 안 맞아. 많이 힘들겠다. 어떻게 해결하고 싶어? 대화로 풀고 싶은데 쉽지 않아. 내가 중재해줄까? 그래 줄래? 고마워. 이번 주말에 만나서 얘기해보자. 응, 정말 고마워."

30, 일반, "아주머니, 안녕하세요. 이사 온 지 얼마 안 됐죠? 네, 한 달 됐어요. 적응은 잘 되고 계신가요? 네, 덕분에요. 혹시 불편한 점 있으면 언제든 말씀해주세요. 감사합니다. 그러고 보니 분리수거 요일을 잘 모르겠어요. 아, 매주 화요일이에요. 내일 아침에 현관 앞에 내놓으면 돼요. 알려주셔서 감사합니다. 좋은 이웃이 되길 바라요."

31, 일반, "가족과 함께하는 시간이 가장 좋을 때는 언제야? 나는 주말에 다 같이 모여서 저녁 먹을 때가 제일 좋아. 나도 그 시간이 제일 행복해!"

32, 일반, "가족과의 갈등이 생겼을 때 어떻게 해결해? 나는 솔직하게 대화하는 게 중요하다고 생각해. 나도 대화가 필요하다고 생각해!"

33, 일반, "형제자매가 있어? 나는 두 명의 형이 있어. 항상 서로 도와주고 의지해. 나도 형제가 있어서 좋았어!"

34, 일반, "부모님과의 관계는 어때? 나는 부모님과 정말 친해. 항상 조언을 해주셔서 고마워. 나도 부모님과의 관계가 좋아!"

35, 일반, "가족과의 추억 중 가장 기억에 남는 건 뭐야? 나는 가족 여행이 정말 기억에 남아. 모두 함께한 시간이 소중해. 나도 여행이 기억에 남아!"

36, 일반, "가족의 전통이나 관습이 있어? 우리 집은 명절마다 다 같이 모여서 음식을 나누는 전통이 있어. 나도 그런 전통이 있어!"

37, 일반, "가족과의 소통에서 가장 중요한 점은 뭐라고 생각해? 나는 서로의 감정을 이해하는 게 중요하다고 생각해. 맞아, 감정 이해가 중요해!"

38, 일반, "가족과의 관계에서 가장 힘든 점은 뭐야? 나는 서로의 기대에 부응하는 게 힘들 때가 있어. 나도 그런 압박감을 느껴!"

39, 일반, "가족과의 시간을 어떻게 보내는 게 좋다고 생각해? 나는 함께 요리하는 게 재미있다고 생각해. 나도 요리하는 게 좋아!"

40, 일반, "가족의 지원이 필요할 때 어떻게 요청해? 나는 솔직하게 말하는 게 제일 좋다고 생각해. 맞아, 솔직함이 중요해!"

41, 일반, "친구와의 관계에서 가장 중요한 점은 뭐라고 생각해? 나는 서로의 신뢰가 가장 중요하다고 생각해. 나도 신뢰가 정말 중요하다고 느껴!"

42, 일반, "새로운 사람과 친해지기 위해 어떤 노력을 해? 나는 먼저 다가가서 대화를 시도해. 나도 그런 방법이 좋다고 생각해!"

43, 일반, "가장 친한 친구와의 갈등이 생겼을 때 어떻게 해결해? 나는 솔직하게 이야기하는 게 중요하다고 생각해. 나도 대화가 필요하다고 느껴!"

44, 일반, "인간관계에서 가장 기억에 남는 순간은 언제였어? 나는 친구와 함께한 여행이 정말 기억에 남아. 나도 그런 순간이 소중해!"

45, 일반, "인간관계에서 가장 힘든 점은 뭐야? 나는 때때로 사람들과의 거리감을 느낄 때가 힘들어. 나도 그런 기분을 느껴!"

46, 일반, "친구와의 소통에서 가장 많이 하는 주제는 뭐야? 우리는 주로 일상 이야기나 취미에 대해 이야기해. 나도 그런 이야기를 많이 해!"

47, 일반, "인간관계에서 가장 큰 배움은 뭐였어? 나는 사람마다 다 다른 생각과 감정을 가지고 있다는 걸 배웠어. 나도 그런 배움을 느껴!"

48, 일반, "친구와의 관계를 유지하기 위해 어떤 노력을 하고 있어? 나는 자주 연락하고 만나려고 해. 나도 그런 노력을 하고 있어!"

49, 일반, "인간관계에서 가장 감사한 점은 뭐야? 나는 항상 나를 지지해주는 친구들이 있어서 고마워. 나도 그 점이 정말 감사해!"

50, 일반, "인간관계에서 가장 큰 기쁨은 뭐야? 나는 친구들과 함께 웃고 즐거운 시간을 보낼 때가 제일 행복해. 나도 그 순간이 제일 좋아!"

51, 일반, "요즘 넷플릭스에서 뭐 재밌게 봤어? '오징어 게임' 봤는데 대박이더라. 진짜? 나는 아직 못 봤어. 한번 볼까 고민 중이었는데. 꼭 봐, 긴장감 넘치고 재밌어. 그래? 그럼 오늘 저녁에 52화 봐야겠다."

52, 일반, "등산 가는 거 어때? 좋아, 어디로 갈까? 북한산 어때? 괜찮아. 몇 시에 만날까? 아침 53시에 만나서 출발하자. 알겠어. 도시락은 내가 준비할게."

53, 일반, "새로 배우고 있는 취미 있어? 응, 요가 배우고 있어. 진짜? 어때? 힘들지만 재밌어. 나도 해볼까? 같이 할래? 좋아, 어디서 배워? 집 근처 요가 스튜디오야. 다음 주부터 같이 다녀볼까?"

54, 일반, "영화 보러 갈래? 좋아, 뭐 보고 싶어? 새로 나온 마블 영화 어때? 난 로맨스 영화가 보고 싶은데. 그럼 각자 보고 싶은 거 따로 볼까? 아니야, 네가 보고 싶은 거 보자. 고마워, 다음엔 네가 고르자."

55, 일반, "요즘 어떤 음악 즐겨 들어? 요즘 재즈에 빠졌어. 오, 멋진데. 어떤 아티스트 좋아해? 마일스 데이비스 정말 좋아해. 나도 들어봐야겠다. 추천 곡 있어? 'Kind of Blue' 앨범 들어봐, 최고야."

56, 일반, "새로 산 게임기 어때? 정말 재밌어. 어떤 게임 하고 있어? 'The Legend of Zelda' 새 작품. 난 그 시리즈 좋아해. 이번엔 오픈월드라 더 재밌어. 나도 해보고 싶다. 언제 한번 같이 할래?"

57, 일반, "콘서트 간다며? 응, BTS 콘서트 가. 와, 부럽다. 티켓 구하기 힘들었겠다. 맞아, 운 좋게 얻었어. 재밌게 다녀와. 고마워, 다음엔 같이 가자."

58, 일반, "요즘 책 읽어? 응, 무라카미 하루키 신작 읽고 있어. 어때? 재미있어? 독특하고 몰입감 있어. 나도 읽어볼까? 추천해, 다 읽으면 빌려줄게."

59, 일반, "DIY 가구 만들어보려고 해. 대단한데, 뭐 만들 거야? 책장 만들어보려고 해. 어렵지 않아? 유튜브 보면서 해볼 거야. 완성되면 사진 좀 보여줘."

60, 일반, "새로운 취미 생겼어? 응, 도자기 만들기 배우고 있어. 와, 멋지다. 어디서 배워? 문화센터에서 강좌 듣고 있어. 재밌겠다. 나도 한번 해볼까? 그래, 다음 학기에 같이 듣자."

61, 일반, "최근에 본 드라마 중에 추천할 만한 거 있어? '더 글로리' 봤는데 몰입도가 장난 아니야. 어떤 내용이야? 학교폭력 피해자의 복수 이야기야. 흥미롭네. 나도 한번 볼게. 꼭 봐, 연기력도 대단해."

62, 일반, "요즘 운동은 어떻게 하고 있어? 집에서 홈트레이닝 하고 있어. 어떤 운동해? 유튜브 보면서 HIIT 운동해. 효과 있어? 응, 체중도 줄고 건강해진 것 같아. 나도 해볼까? 그래, 내일부터 같이 해보자."

63, 일반, "새로 배운 취미 있어? 응, 캘리그라피 배우고 있어. 와, 글씨체 이쁘겠다. 아직 서툴지만 재밌어. 뭐에 쓰려고? 연하장이나 생일 카드 만들어볼까 해. 멋진데, 나도 한번 배워볼까?"

64, 일반, "보드게임 하러 갈래? 좋아. 어떤 게임할 거야? '캐틀러의 개척자들'이라고 전략게임이야. 어렵지 않아? 처음엔 그래도 하다보면 재밌어. 나도 한번 해보고 싶다. 다음엔 너도 불러줄게."

65, 일반, "요즘 취미로 뭐해? 드론 조종하는 걸 배우고 있어. 대단한데! 어디서 배워? 동호회에서 선배들한테 배우고 있어. 재밌겠다. 어렵진 않아? 처음엔 어렵지만 점점 늘고 있어. 나중에 영상 좀 보여줘."

66, 일반, "최근에 본 영화 중에 괜찮은 거 있어? '기생충' 봤는데 정말 대단했어. 오, 나도 보고 싶었는데. 어떤 점이 좋았어? 연출도 좋고 메시지도 강렬해. 이번에 시간 날 때 꼭 봐야겠다. 같이 볼래? 좋아, 언제 갈까?"

67, 일반, "피아노 배운다면서? 응, 한 달 전부터 시작했어. 어떤 곡 연습 중이야? 지금은 간단한 클래식 곡 연습 중이야. 재밌어? 응, 생각보다 흥미롭더라고. 나도 악기 하나 배워볼까 고민 중이야. 추천해, 스트레스 해소에도 좋아."

68, 일반, "요리 클래스 다닌다면서? 응, 이탈리아 요리 배우고 있어. 어떤 요리 배웠어? 파스타랑 리조또 만드는 법 배웠어. 맛있겠다. 다음에 해줄 수 있어? 그래, 다음에 초대할게. 기대된다!"

69, 일반, "사진 찍는 거 좋아한다면서? 응, 요즘 DSLR로 풍경 사진 찍고 있어. 어디서 주로 찍어? 근처 공원이나 산에 가서 찍어. 사진 보여줄 수 있어? 그래, 다음에 만나면 보여줄게. 나도 배워보고 싶은데 어렵지 않아? 처음엔 어렵지만 연습하면 늘어."

70, 일반, "드론 조종 배운다면서? 응, 동호회에서 연습 중이야. 어렵진 않아? 처음엔 힘들었지만 점점 나아지고 있어. 멋지다! 나중에 촬영한 영상 좀 보여줘."

71, 일반, "최근에 인상 깊게 본 영화 있어? '기생충' 봤는데 충격적이었어. 어떤 점이 좋았어? 계급 문제를 다룬 방식이 참신했어. 나도 볼까 고민 중이야. 추천해, 같이 보면 더 재밌을 거야."

72, 일반, "악기 배우고 있다고 들었어. 어떤 거야? 우쿨렐레 시작했어. 생각보다 재미있더라. 어떤 곡 연습해? '오버 더 레인보우' 연습 중이야. 들려줄 수 있어? 조금만 더 연습하면!"

73, 일반, "요리에 관심 있다면서? 응, 최근 태국 요리 배우고 있어. 어떤 요리? 팟타이랑 똠양꿍 만들어봤어. 맛있겠다! 다음에 해줄 수 있어? 그래, 태국 음식 파티 열어줄게."

74, 일반, "사진 찍기 좋아한다고 들었어. 어떤 被사체 선호해? 야경 사진에 빠졌어. 어디서 주로 찍어? 도시의 밤 풍경을 담아. 멋지다! 작품 좀 보여줘. 다음에 전시회 열면 초대할게."

75, 일반, "방탈출 카페 처음 가봤어. 어땠어? 너무 재밌었어, 시간 가는 줄 몰랐지. 어떤 테마였어? 미스터리 살인사건 해결하는 거였어. 나도 가보고 싶은데 같이 갈래? 좋아, 다음 주에 가자."

76, 일반, "전시회 다녀왔다며? 어떤 전시였어? 현대미술 특별전이었어. 인상적인 작품 있었어? 대형 설치미술이 기억에 남아. 재미있었겠다. 다음엔 나도 데려가 줘."

77, 일반, "기타 배운다고 들었어. 어떤 스타일 연습해? 클래식 기타로 시작했어. 어려운 점은? 손가락 움직임이 아직 서툴러. 꾸준히 하면 늘 거야. 언젠간 공연도 보여줘."

78, 일반, "방 인테리어 바꿨다면서? 어떻게 꾸몄어? 북유럽 스타일로 바꿨어. 가구도 새로 샀어? 조명이랑 러그만 바꿨는데도 분위기가 확 달라졌어. 사진 좀 보여줘. 나도 도전해볼까 생각 중이야."

79, 일반, "새로운 팟캐스트 시작했다고? 어떤 내용이야? 독립영화 리뷰하는 채널이야. 재밌겠다! 게스트도 초대해? 가끔 영화감독님들 모시고 있어. 나중에 나도 출연시켜줘."

80, 일반, "방송 댄스 배운다고 들었어. 어떤 곡으로 해? 트와이스 신곡으로 연습 중이야. 힘들진 않아? 체력이 달리지만 재미있어. 영상 찍어서 보여줘. 알겠어, 좀 더 연습하고!"

81, 일반, "캔들 만들기 시작했다며? 어떤 향 만들어? 라벤더랑 바닐라 블렌딩해봤어. 집중력에 도움된대. 선물하기도 좋겠다. 맞아, 다음엔 네 것도 만들어줄게."

82, 일반, "VR 게임 해봤다면서? 어떤 느낌이야? 진짜 다른 세계에 있는 것 같았어. 어지럽진 않아? 처음엔 좀 그랬지만 금방 적응했어. 나도 체험해보고 싶어. 주말에 우리 집에서 해보자."

83, 일반, "이스케이프룸 가본 적 있어? 어떤 테마가 제일 재밌었어? 역사 미스터리 테마가 흥미진진했어. 시간은 얼마나 줘? 보통 84분이야. 다음엔 같이 가자. 좋아, 기대된다!"

84, 일반, "마술 배운다고 들었어. 어떤 마술 연습해? 동전이랑 카드 마술 위주로 해. 보여줄 수 있어? 아직 서툴러서 실수가 많아. 괜찮아, 연습하는 과정도 재밌을 것 같아."

85, 일반, "새로 배우는 외국어 있어? 응, 스페인어 시작했어. 왜 스페인어야? 남미 여행 계획 중이거든. 여행 갈 때 나도 데려가! 그래, 같이 가면 통역해줄게."

86, 일반, "도예 클래스 다녀왔다며? 어떤 작품 만들었어? 커피잔이랑 화분 만들었어. 생각보다 어렵진 않아? 초보자도 할 만했어. 다음엔 나도 데려가 줘. 좋아, 다음 주에 같이 가자."

87, 일반, "서핑 배운다고 들었어. 어디서 해? 양양 해변에서 주말마다 연습 중이야. 무섭진 않아? 처음엔 겁났지만 이제 재미가 붙었어. 다음엔 나도 데려가 줘. 그래, 초보자 코스로 시작해보자."

88, 일반, "플라워 아트 배운다면서? 어떤 작품 만들어? 이번엔 테라리움 만들었어. 관리하기 쉬워? 생각보다 간단해, 집에 두기 좋아. 나한테도 하나 만들어줄래? 그래, 다음엔 같이 만들어보자."

89, 일반, "팝아트 그리기 시작했다고? 어떤 스타일로 해? 앤디 워홀 스타일로 도전 중이야. 누구를 그려? 친구들 초상화로 연습하고 있어. 재밌겠다! 나도 한번 그려줘. 좋아, 다음에 모델 좀 해줘."

90, 일반, "칵테일 만들기 배운다면서? 어떤 칵테일 만들어 봤어? 모히토랑 피나콜라다 만들어 봤어. 어렵진 않아? 재료 비율 맞추는 게 관건이야. 파티 때 선보여줘. 좋아, 다음 모임 때 내가 바텐더 할게."

91, 일반, "보컬 트레이닝 받는다고 들었어. 어떤 장르 노래해? R&B 위주로 연습 중이야. 고음 내기 힘들지 않아? 처음엔 어려웠지만 점점 나아지고 있어. 노래방 가면 들려줘. 그래, 다음엔 듀엣하자."

92, 일반, "DIY 가구 만들었다며? 어떤 걸 만들었어? 원목 책장이랑 커피 테이블 만들었어. 전문가처럼 보이진 않아? 유튜브 보면서 독학했는데 꽤 괜찮아졌어. 우리 집 것도 만들어줄래? 좋아, 다음엔 같이 프로젝트 해보자."

93, 일반, "풍선 아트 시작했다고? 어떤 작품 만들어? 동물 모양이랑 꽃다발 만들고 있어. 터지는 거 무섭지 않아? 익숙해지니까 괜찮아. 재밌겠다! 생일 파티 때 장식 좀 해줘. 그래, 특별 이벤트로 준비해줄게."

94, 일반, "스쿠버다이빙 자격증 땄다면서? 어디서 따왔어? 제주도에서 일주일 코스로 했어. 바다 속은 어땠어? 말로 표현 못 할 만큼 아름다웠어. 무섭진 않았어? 처음엔 긴장됐지만 instructor가 잘 도와줬어. 나도 도전해볼까? 그래, 다음엔 같이 가자."

95, 일반, "096D 프린팅 배운다고 들었어. 뭐 만들어 봤어? 미니어처 피규어랑 스마트폰 거치대 만들었어. 어렵진 않아? 디자인하는 게 가장 어려워. 실용적인데? 응, 취미를 넘어 창업도 고려 중이야. 멋지다! 나도 아이디어 있으면 부탁해도 돼?"

96, 일반, "수제 맥주 만들기에 관심 있는 것 같던데, 어떻게 됐어? 응, 지난달부터 시작했어. 어떤 종류의 맥주를 만들어? IPA랑 스타우트를 시도해봤어. 맛은 어때? 생각보다 괜찮아, 다음엔 같이 마시자."

97, 일반, "요가를 시작했다는 소식을 들었는데, 어떠니? 생각보다 힘들지만 정말 좋아. 어떤 점이 가장 좋아? 스트레스 해소에 특히 도움이 돼. 나도 해볼까 고민 중인데, 조언해줄 수 있어? 천천히 시작하는 게 중요해."

98, 일반, "프랑스어 공부를 시작했다고 하던데, 진전이 있어? 조금씩 나아지고 있어. 왜 프랑스어를 선택했어? 프랑스 문화에 관심이 많아서야. 여행 계획도 있어? 응, 내년에 파리 가볼 생각이야."

99, 일반, "도자기 클래스를 듣고 있다고 하더라. 어떤 작품을 만들어? 지금은 커피 잔 세트를 만들고 있어. 난이도는 어때? 처음엔 어려웠지만 점점 손에 익어가. 완성품을 보고 싶은데, 사진 찍어뒀어?"

100, 일반, "암벽등반을 시작했다는 얘기를 들었어. 어떤 점이 매력적이야? 도전 정신을 자극하고 성취감이 커. 위험하지는 않아? 안전장비를 잘 갖추면 괜찮아. 실내 암벽장에서 연습 중이야. 나도 한번 체험해보고 싶은데, 같이 가도 될까?"

101, 일반, "요즘 환경 문제가 심각한 것 같아. 맞아, 특히 플라스틱 쓰레기가 문제야. 우리도 뭔가 해야 하지 않을까? 그래, 일회용품 줄이는 것부터 시작해볼까? 좋아. 텀블러 들고 다니는 건 어때? 좋은 생각이야. 나도 시작해볼게."

102, 일반, "이번 대선, 투표했어? 응, 당연히 했지. 투표율은 어땠대? 꽤 높았대. 103% 가까이 됐다던데. 와, 정말 높네. 국민들의 관심이 많았나 봐. 맞아, 젊은층 참여도 늘었대. 그거 좋은 현상이지. 민주주의의 발전이라고 볼 수 있겠네."

103, 일반, "요즘 젊은이들 사이에서 '갓생'이 유행이라던데 들어봤어? 응, 건강하고 생산적인 삶을 사는 걸 뜻하는 말이지. 맞아, SNS에서 자주 보이더라. 너도 갓생 살아보고 싶어? 음, 해보고는 싶은데 쉽지 않을 것 같아. 나도 그래. 일단 아침 일찍 일어나는 것부터 해볼까?"

104, 일반, "최근에 본 다큐멘터리 중에 인상 깊은 게 있어? 응, '지구의 밤'이라고 자연 다큐멘터리 봤어. 어떤 내용이야? 야행성 동물들의 생태를 다뤘는데, 정말 흥미로웠어. 나도 한번 봐야겠다. 꼭 봐, 자연의 신비를 느낄 수 있을 거야."

105, 일반, "요즘 AI 기술 발전이 대단하던데, 어떻게 생각해? 편리해지는 건 좋지만 윤리적 문제가 걱정돼. 맞아, 특히 일자리 문제가 심각할 것 같아. 그래도 새로운 직업도 생기지 않을까? 그럴 수도 있겠네. 우리도 변화에 적응해야 할 것 같아."

106, 일반, "최근에 문화재 환수 문제가 이슈던데 들어봤어? 응, 일본에 있는 우리 문화재 반환 문제 말이지? 맞아. 어떻게 생각해? 당연히 돌려받아야 한다고 봐. 나도 그렇게 생각해. 국제적인 협력이 필요할 것 같아."

107, 일반, "요즘 다문화 사회에 대한 인식이 어떻다고 생각해? 점점 나아지고 있는 것 같아. 하지만 아직도 편견이 있는 것 같아. 맞아, 교육이 더 필요할 것 같아. 학교에서부터 다양성에 대해 가르쳐야 할 것 같아. 동의해. 우리부터 노력해보자."

108, 일반, "최근 젠더 갈등이 심각한데 어떻게 생각해? 서로를 이해하려는 노력이 부족한 것 같아. 맞아, 대화가 필요해. 어떻게 하면 좋을까? 서로의 입장을 경청하는 것부터 시작하면 어떨까? 좋은 생각이야. 작은 것부터 실천해보자."

109, 일반, "SNS가 사회에 미치는 영향이 큰 것 같아. 그러게, 정보 전파 속도가 엄청나. 좋은 점도 있지만 가짜뉴스 같은 문제도 있잖아. 맞아, 미디어 리터러시 교육이 필요할 것 같아. 우리도 정보를 비판적으로 볼 필요가 있겠어."

110, 일반, "최근 노동 시간 단축에 대해 어떻게 생각해? 삶의 질 향상을 위해 필요하다고 봐. 나도 동의해. 하지만 기업들의 반발이 있을 것 같아. 맞아, 생산성 향상 방안도 함께 고민해야 할 거야. 균형 잡힌 접근이 필요하겠네."

111, 일반, "기후 변화에 대해 어떻게 생각해? 심각한 문제라고 생각해. 개인적으로 어떤 노력을 하고 있어? 일회용품 사용을 줄이고 대중교통을 자주 이용하려고 해. 그래, 작은 실천이 중요하지. 정부 차원의 대책도 필요할 것 같아."

112, 일반, "최근 유행하는 혼밥, 혼술 문화에 대해 어떻게 생각해? 개인의 선택을 존중해야 한다고 봐. 맞아, 하지만 공동체 의식이 약해질까 걱정되기도 해. 그럴 수 있겠네. 균형이 필요할 것 같아. 새로운 형태의 커뮤니티가 생길 수도 있지 않을까?"

113, 일반, "공유 경제에 대해 어떻게 생각해? 자원을 효율적으로 사용할 수 있어 좋은 것 같아. 나도 그렇게 생각해. 하지만 기존 산업과의 갈등이 문제가 되고 있잖아. 맞아, 제도적 보완이 필요할 것 같아. 변화하는 시대에 맞는 새로운 규제가 필요하겠어."

114, 일반, "최근 노인 빈곤 문제가 심각한데 어떻게 생각해? 사회안전망 강화가 시급해 보여. 맞아, 노인 일자리 창출도 중요할 것 같아. 세대 간 갈등으로 이어질 수 있는 문제이기도 해. 그래서 세대 통합적 접근이 필요하다고 봐."

115, 일반, "AI 시대에 인문학의 중요성에 대해 어떻게 생각해? 오히려 더 중요해질 것 같아. 왜 그렇게 생각해? 기술만으로는 해결할 수 없는 윤리적 문제들이 많이 생길 테니까. 맞아, 인간에 대한 이해가 더 필요해질 거야."

116, 일반, "최근 재택근무가 늘어나고 있잖아. 어떻게 생각해? 일과 삶의 균형을 위해 좋은 것 같아. 나도 그렇게 생각해. 하지만 업무 효율성 저하 문제도 있다던데. 그래서 하이브리드 근무 형태가 대안이 될 수 있을 것 같아."

117, 일반, "디지털 격차 문제에 대해 들어봤어? 응, 정보 접근성의 불평등 문제지. 심각한 것 같아. 맞아, 특히 노인층이나 저소득층이 어려움을 겪고 있어. 교육 프로그램이 필요할 것 같아. 정부나 기업의 지원이 있으면 좋겠어."

118, 일반, "최근 Z세대의 소비 트렌드에 대해 어떻게 생각해? MZ세대의 가치소비가 인상적이야. 맞아, 환경이나 윤리를 중시하는 것 같아. 기업들도 이에 맞춰 변화하고 있지. 그래, 소비가 곧 가치관의 표현이 되고 있어."

119, 일반, "미디어의 선정성 문제에 대해 어떻게 생각해? 때로는 과도한 것 같아. 시청률 때문에 그러는 것 같은데, 사회에 미치는 영향이 걱정돼. 맞아, 특히 어린이들에게 안 좋은 영향을 줄 수 있지. 미디어의 사회적 책임이 더 강조되어야 할 것 같아."

120, 일반, "지방 소멸 위기에 대해 들어봤어? 응, 심각한 문제라고 생각해. 어떻게 해결할 수 있을까? 지역 경제 활성화가 필요할 것 같아. 맞아, 일자리 창출이 중요하겠지. 정부의 지원과 함께 지역의 특색을 살리는 노력도 필요할 거야."

121, 일반, "ESG 경영이 화두인데 들어봤어? 응, 환경, 사회, 지배구조를 고려하는 경영 방식이지. 기업의 사회적 책임이 강조되는 것 같아. 맞아, 소비자들도 이런 가치를 중요하게 여기고 있어. 장기적으로 기업과 사회에 모두 도움이 될 것 같아."

122, 일반, "AI 윤리에 대해 어떻게 생각해? 점점 더 중요해지고 있는 것 같아. 맞아, AI의 결정이 편견을 가질 수 있다는 게 문제지. 개발 단계부터 윤리적 고려가 필요할 것 같아. 그리고 AI 사용에 대한 규제도 필요하겠어. 균형 잡힌 발전이 중요하겠네."

123, 일반, "워라밸(일과 삶의 균형)에 대한 인식이 어때? 젊은 세대를 중심으로 많이 중요해졌어. 나도 그렇게 느껴. 기업 문화도 변하고 있는 것 같아. 맞아, 유연근무제나 재택근무가 늘어나고 있지. 삶의 질 향상을 위해 좋은 변화 같아."

124, 일반, "디지털 노마드족에 대해 들어봤어? 응, 일하는 장소에 구애받지 않고 일하는 사람들이지. 코로나19 이후 더 늘어난 것 같아. 맞아, 일과 여행을 결합한 새로운 라이프스타일이야. 자유롭게 살 수 있어 좋아 보이지만, 불안정한 면도 있을 것 같아."

125, 일반, "푸드테크 산업이 성장하고 있다던데 어떻게 생각해? 기술과 음식의 결합이 흥미로워. 맞아, 배달 앱부터 대체육까지 다양하더라. 환경 문제 해결에도 도움이 될 수 있을 것 같아. 그렇지. 하지만 전통적인 음식 문화가 사라지는 건 아닐까 걱정도 돼."

126, 일반, "K-컬처의 세계적 인기에 대해 어떻게 생각해? 정말 대단한 것 같아. K-pop, K-드라마, 이제는 K-푸드까지. 맞아, 문화 수출국으로서의 위상이 높아졌어. 앞으로도 지속될 수 있을까? 다양성과 창의성을 유지한다면 가능할 것 같아."

127, 일반, "사회적 고립 문제가 심각해지고 있다는데 어떻게 생각해? 1인 가구 증가와 관련이 있는 것 같아. 맞아, 특히 노인층이 취약하지. 공동체 의식을 높일 수 있는 방안이 필요할 것 같아. 그래, 지역 사회 프로그램이나 세대 간 교류 활동 같은 것들이 도움이 될 수 있겠어."

128, 일반, "플랫폼 노동자들의 권리 문제가 이슈인데 들어봤어? 응, 배달앱 라이더나 대리운전 기사들의 처우 문제 말이지? 맞아. 편리해진 만큼 그들의 노동 환경은 열악해진 것 같아. 새로운 형태의 노동에 맞는 제도가 필요할 것 같아. 동의해. 기술 발전과 노동자 권리의 균형이 중요해."

129, 일반, "미니멀리즘 라이프스타일에 대해 어떻게 생각해? 불필요한 소비를 줄이고 본질에 집중한다는 점에서 좋아 보여. 나도 그렇게 생각해. 환경에도 도움이 될 수 있고. 하지만 모든 사람에게 맞는 건 아닐 거야. 그렇지. 개인의 가치관과 상황에 따라 다를 수 있겠어."

130, 일반, "기본소득에 대해 어떻게 생각해? 빈곤 해소와 불평등 완화에 도움이 될 수 있을 것 같아. 맞아, 하지만 재원 마련이 큰 과제지. 일자리 감소 문제도 해결할 수 있을까? 그건 불확실해. 시범 사업을 통해 효과를 검증해봐야 할 것 같아. 동의해. 신중한 접근이 필요한 주제야."

131, 일반, "어떤 문화 행사에 관심 있어? 얼마 전에 열린 문화 축제가 정말 흥미로웠어. 어떤 프로그램이 제일 좋았어? 전통 음악 공연이 인상적이었어."

132, 일반, "좋아하는 문화유산은 뭐야? 경복궁이 정말 아름다워. 역사적인 의미도 깊고, 건축이 멋지지. 나도 경복궁 좋아해! 언제 가봤어?"

133, 일반, "어떤 사회 문제에 대해 생각해봤어? 환경 문제에 대해 많이 고민하고 있어. 지속 가능한 발전이 중요하더라구. 맞아, 나도 환경 보호에 관심이 많아."

134, 일반, "기억에 남는 사회 운동은 뭐야? '미투 운동'이 정말 큰 영향을 미쳤어. 많은 사람들이 목소리를 내게 되었지. 나도 그 운동에 공감해."

135, 일반, "어떤 책을 읽었어? '총, 균, 쇠'를 읽었는데, 인류의 역사에 대한 통찰이 깊더라. 그 책 유명하지, 나도 읽어보고 싶어."

136, 일반, "좋아하는 영화 장르는 뭐야? 사회 문제를 다룬 다큐멘터리를 좋아해. 현실을 반영하는 게 흥미롭더라구. 나도 다큐멘터리 좋아해! 어떤 작품이 인상적이었어?"

137, 일반, "어떤 전시회를 다녀왔어? 사회적 이슈를 다룬 사진 전시회를 갔었어. 정말 감동적이었어. 전시회 좋지, 나도 가보고 싶어!"

138, 일반, "관심 있는 사회적 이슈는 뭐야? 인권 문제에 대해 관심이 많아. 모든 사람이 평등해야 한다고 생각해. 나도 인권이 중요하다고 생각해!"

139, 일반, "어떤 문화 콘텐츠를 소비했어? 한국 드라마를 많이 보고 있어. 사회적 메시지가 담겨 있어서 흥미롭더라. 나도 드라마 좋아해! 어떤 드라마가 좋았어?"

140, 일반, "좋아하는 전통 문화는 뭐야? 한국의 명절 문화가 정말 매력적이야. 가족과 함께하는 시간이 소중하더라. 나도 명절이 좋아!"

141, 일반, "최근에 어떤 사회적 캠페인에 참여했어? 환경 보호 캠페인에 참여했어. 작은 실천이 큰 변화를 만든다고 믿어. 나도 그런 캠페인에 참여하고 싶어!"

142, 일반, "가장 좋아하는 문화 행사나 축제는 뭐야? '부산 국제 영화제'가 정말 기대돼. 다양한 영화와 감독을 만날 수 있어서 좋아. 나도 그 영화제 가보고 싶어!"

143, 일반, "최근에 어떤 사회적 이슈에 대해 토론해봤어? 성 평등에 대한 이야기를 나눴어. 많은 사람들이 관심을 가져야 한다고 생각해. 맞아, 그 주제는 정말 중요해!"

144, 일반, "가장 좋아하는 예술가는 누구야? '백남준'의 작품이 정말 인상적이야. 그의 비디오 아트가 독특하더라. 나도 그의 작품을 좋아해!"

145, 일반, "최근에 어떤 문화 관련 뉴스에 관심 있었어? 한국 영화가 해외에서 인정받고 있다는 소식이 좋았어. 정말 자랑스러워! 나도 그런 뉴스에 기분이 좋았어."

146, 일반, "가장 좋아하는 사회적 기업은 뭐야? '굿윌스토어'가 정말 멋져. 장애인 고용을 지원하는 게 인상적이야. 나도 그 기업에 대해 들어봤어!"

147, 일반, "최근에 어떤 문화 체험을 해봤어? 전통 공예 체험을 해봤는데, 정말 재미있었어. 나도 그런 체험 해보고 싶어! 어떤 공예를 만들었어?"

148, 일반, "가장 좋아하는 사회적 메시지를 담은 영화는 뭐야? '기생충'이 정말 인상적이었어. 사회 계층 문제를 잘 표현했더라. 나도 그 영화 좋아해!"

149, 일반, "최근에 어떤 문화 관련 팟캐스트를 듣고 있어? '문화탐방'을 듣고 있어. 다양한 문화 이야기를 다루더라구. 나도 팟캐스트 좋아해! 어떤 에피소드가 좋았어?"

150, 일반, "가장 좋아하는 전통 음식은 뭐야? 비빔밥이 정말 맛있어. 다양한 재료가 어우러져서 좋아. 나도 비빔밥 좋아해! 어떤 재료가 제일 맛있어?"

151, 일반, "영어 공부 어떻게 하고 있어? 요즘 팟캐스트 들으면서 해. 오, 어떤 팟캐스트 들어? 'BBC Learning English'라고, 시사 영어를 배울 수 있어. 재밌겠다. 효과는 있어? 응, 듣기 실력이 많이 늘었어. 나도 해볼까?"

152, 일반, "SNS로 소통하는 게 편하지 않아? 난 직접 만나는 게 더 좋더라. 왜? 감정 전달이 잘 되잖아. 그렇긴 한데, SNS가 시간과 장소에 구애받지 않아서 좋아. 맞아, 각자 장단점이 있지. 그래도 가끔은 얼굴 보고 대화하는 게 중요한 것 같아."

153, 일반, "요즘 외국어 공부하고 있어? 응, 일본어 배우고 있어. 와, 멋지다! 어떤 방법으로 공부해? 앱으로 단어 외우고 유튜브로 회화 연습해. 효과 있어? 응, 생각보다 재밌고 도움 돼. 나도 해볼까?"

154, 일반, "비언어적 소통에 대해 들어봤어? 응, 표정이나 몸짓으로 하는 거 말이지? 맞아. 중요하다고 생각해? 당연하지. 때론 말보다 더 많은 걸 전달하잖아. 그러게, 면접 볼 때 특히 신경 써야겠다."

155, 일반, "외국어 실력, 어떻게 하면 늘까? 꾸준히 하는 게 제일 중요한 것 같아. 맞아, 근데 의지가 잘 안 생겨. 그럼 스터디 그룹에 들어가보는 건 어때? 오, 좋은 생각이네. 서로 자극도 되고 좋겠다."

156, 일반, "요즘 은어 너무 많이 생기는 것 같지 않아? 그러게, 나도 가끔 무슨 뜻인지 모르겠어. 세대 간 소통에 문제가 될 수도 있겠어. 맞아, 근데 언어의 생동감을 보여주는 것 같기도 해. 그렇게 생각하면 재미있네."

157, 일반, "공감 능력이 의사소통에 중요하다고 생각해? 응, 상대방의 입장을 이해하는 게 중요하지. 어떻게 하면 공감 능력을 기를 수 있을까? 다양한 경험을 해보는 게 도움될 것 같아. 책 읽는 것도 좋고. 그러네, 나도 노력해봐야겠다."

158, 일반, "온라인에서의 소통과 오프라인에서의 소통, 뭐가 더 편해? 난 온라인이 편해. 생각할 시간이 있어서. 나는 오프라인이 좋아. 즉각적인 반응을 볼 수 있잖아. 그러네. 상황에 따라 다른 것 같아. 맞아, 둘 다 잘 활용하는 게 좋겠어."

159, 일반, "다국어를 구사하면 어떤 장점이 있을까? 여행할 때 편하겠지? 그것뿐만 아니라 취업할 때도 유리할 것 같아. 맞아, 다양한 문화를 이해하는 데도 도움되고. 그러게. 언어 하나 배우는 건 세상 하나 얻는 거랑 같은 것 같아."

160, 일반, "말할 때 긴장되는 편이야? 응, 특히 발표할 때 그래. 어떻게 극복하고 있어? 심호흡하고 미리 연습 많이 해. 아, 그렇구나. 청중을 친구라고 생각하는 것도 도움돼. 고마워, 한번 시도해볼게."

161, 일반, "외국어로 된 영화 볼 때 자막 켜? 응, 아직은 자막 없이는 힘들어. 난 자막 끄고 보려고 노력 중이야. 대단한데! 어떤 효과가 있어? 듣기 실력도 늘고 몰입도도 높아져. 오, 나도 도전해봐야겠다."

162, 일반, "말하기와 글쓰기 중 뭐가 더 어려워? 난 말하기가 더 어려운 것 같아. 즉흥성이 필요해서 그래. 나는 오히려 글쓰기가 어려워. 계속 고치게 되더라고. 그렇구나. 각자 다른 능력이 필요하니까 둘 다 연습해야겠다."

163, 일반, "언어의 다양성이 줄어들고 있다던데 어떻게 생각해? 글로벌화 때문에 그런 것 같아. 안타깝지만 어쩔 수 없는 현상 아닐까? 토착어 보존 노력도 필요할 것 같아. 맞아, 언어는 문화의 일부니까."

164, 일반, "번역기 성능이 좋아지고 있잖아. 외국어 배울 필요가 없어질까? 글쎄, 미묘한 뉘앙스는 아직 못 살리는 것 같아. 그리고 언어를 배우는 건 그 문화를 이해하는 거이기도 하잖아. 맞아, 기계의 도움을 받되 우리도 계속 배워야겠어."

165, 일반, "말을 할 때 목소리 톤이 중요하다고 생각해? 응, 같은 말이라도 톤에 따라 의미가 달라질 수 있잖아. 그러게. 어떻게 하면 좋은 목소리를 낼 수 있을까? 발성 연습도 도움이 될 것 같아. 그리고 자신감 있게 말하는 것도 중요하고."

166, 일반, "이모티콘 많이 써? 응, 문자만으로는 감정 전달이 어려울 때 유용해. 나는 가끔 오해를 살 것 같아 조심스러워. 그렇구나. 상황에 맞게 적절히 사용하는 게 좋겠어. 맞아, 의사소통의 도구로 잘 활용하면 좋을 것 같아."

167, 일반, "토론할 때 어려움은 없어? 가끔 감정적으로 되는 게 문제야. 나도 그래. 상대방 의견을 존중하면서 내 생각을 전달하는 게 어려워. 맞아. 'I-message'를 사용하는 게 도움된대. 오, 그게 뭐야? 자신의 감정을 주어로 표현하는 거야. 한번 시도해봐야겠다."

168, 일반, "외국어 실력을 유지하는 데 어려움은 없어? 사용할 기회가 적어서 조금씩 잊어가는 것 같아. 나도 그래. 어떻게 하고 있어? 외국 드라마를 자주 보고 펜팔도 해. 오, 좋은 방법이네. 나도 그렇게 해봐야겠어."

169, 일반, "말할 때 습관적으로 쓰는 단어 있어? 응, '음...'이라고 자주 말하는 것 같아. 나는 '그러니까'를 자주 쓰더라고. 그런 습관이 말하기에 방해가 될 수도 있겠어. 맞아, 의식적으로 고치려고 노력 중이야."

170, 일반, "다른 사람의 말하기 습관 중 본받고 싶은 게 있어? 응, 선배가 항상 정리를 잘해서 말씀하시는 게 멋있더라고. 나는 교수님이 예시를 들어 설명하시는 게 인상적이야. 그러네. 좋은 점을 배워서 발전하면 좋겠다. 맞아, 계속 관찰하고 연습해야겠어."

171, 일반, "최근에 새로 배운 단어 있어? 응, '음슴체'라는 말을 배웠어. 그게 뭐야? SNS에서 주로 쓰는 말투래. 어떻게 쓰는 건데? 문장 끝을 생략하는 식이야. 아, 그렇구나. 언어도 계속 변하는 것 같아. 맞아, 트렌드를 따라가는 게 재밌어."

172, 일반, "프레젠테이션 할 때 가장 신경 쓰는 부분이 뭐야? 난 아이컨택을 잘하려고 노력해. 그거 정말 중요한 것 같아. 나는 목소리 크기와 속도에 신경 써. 오, 그것도 좋은 포인트네. 서로 배울 점이 있는 것 같아."

173, 일반, "외국어 공부할 때 발음이 어려운 편이야? 응, 특히 'r'과 'l' 발음이 헷갈려. 나는 성조가 있는 언어가 어려워. 중국어 같은 거? 맞아. 꾸준한 연습이 필요한 것 같아. 그러게, 원어민 영상 많이 보는 것도 도움될 거야."

174, 일반, "글쓰기 실력을 향상시키고 싶은데 어떻게 하면 좋을까? 많이 읽고 많이 쓰는 게 최고인 것 같아. 그렇지. 어떤 종류의 글을 주로 써? 일기도 쓰고 블로그에 리뷰도 써. 다양하게 시도해보는 게 좋겠어. 맞아, 나도 해봐야겠다."

175, 일반, "말할 때 제스처를 많이 사용하는 편이야? 응, 손짓을 많이 쓰는 것 같아. 나는 오히려 몸을 잘 안 움직여. 어느 쪽이 더 효과적일까? 상황에 따라 다를 것 같아. 적절히 섞어 쓰는 게 좋겠어."

176, 일반, "농담을 할 때 주의해야 할 점이 뭐라고 생각해? 상대방의 감정을 고려해야 해. 맞아, 때와 장소를 잘 파악하는 것도 중요하고. 그리고 농담이 지나치지 않도록 해야 해. 동의해. 유머 감각도 중요한 의사소통 기술인 것 같아."

177, 일반, "다국어 사용자들이 언어를 섞어 쓰는 걸 들어본 적 있어? 응, 코드 스위칭이라고 하더라고. 흥미로운 현상이야. 맞아, 여러 문화의 영향을 받은 결과 같아. 언어의 다양성을 보여주는 것 같아. 그러게, 글로벌 시대의 특징이네."

178, 일반, "말을 더듬을 때 어떻게 대처해? 천천히 심호흡을 하고 다시 시작해. 나는 잠깐 멈추고 생각을 정리해. 그것도 좋은 방법이네. 중요한 건 당황하지 않는 거야. 맞아, 자신감 있게 계속 이어가는 게 중요해."

179, 일반, "소셜미디어에서 오해를 피하려면 어떻게 해야 할까? 글을 쓰기 전에 한 번 더 읽어보는 게 좋아. 맞아, 그리고 이모티콘을 적절히 사용하는 것도 도움 돼. 민감한 주제는 피하는 것도 방법이겠지. 그렇지, 신중하게 접근하는 게 중요해."

180, 일반, "새로운 언어를 배울 때 가장 어려운 점이 뭐야? 난 문법이 제일 어려워. 나는 오히려 발음이 더 힘들어. 각자 다른 부분이 어렵구나. 꾸준히 노력하는 게 중요할 것 같아. 맞아, 포기하지 않고 계속 해나가는 게 핵심이야."

181, 일반, "가장 좋아하는 언어는 뭐야? 나는 스페인어가 정말 매력적이라고 생각해. 발음이 부드럽고 리듬감이 있어. 나도 스페인어 좋아해! 배우고 싶어."

182, 일반, "언어를 배우는 가장 좋은 방법은 뭐라고 생각해? 나는 실제로 대화하는 게 가장 효과적이라고 생각해. 맞아, 언어는 사용해봐야 늘지!"

183, 일반, "최근에 어떤 언어를 배우고 있어? 나는 일본어를 배우고 있어. 애니메이션 덕분에 흥미를 느꼈어. 나도 일본어에 관심 있어! 어떤 부분이 제일 어려워?"

184, 일반, "언어와 문화의 관계에 대해 어떻게 생각해? 언어는 그 문화의 정체성을 반영한다고 생각해. 맞아, 언어를 배우면 그 문화도 더 깊이 이해할 수 있어."

185, 일반, "의사소통에서 가장 중요한 요소는 뭐라고 생각해? 나는 비언어적 신호가 정말 중요하다고 생각해. 표정이나 몸짓이 많은 것을 말해주지. 나도 그렇게 생각해!"

186, 일반, "가장 기억에 남는 의사소통의 순간은 언제였어? 외국인과의 대화에서 서로의 문화에 대해 이야기했던 게 인상적이었어. 나도 그런 경험이 있어! 정말 흥미로웠지."

187, 일반, "언어의 방언에 대해 어떻게 생각해? 방언이 그 지역의 특성을 잘 나타내는 것 같아. 맞아, 방언을 배우면 그 지역 사람들과 더 가까워질 수 있어."

188, 일반, "소셜 미디어가 의사소통에 미치는 영향은 뭐라고 생각해? 정보가 빠르게 퍼지지만, 오해도 많이 생기는 것 같아. 맞아, 신뢰할 수 있는 정보가 중요해!"

189, 일반, "언어의 진화에 대해 어떻게 생각해? 새로운 단어와 표현이 계속 생겨나는 게 흥미로워. 맞아, 언어는 살아있는 것 같아!"

190, 일반, "가장 좋아하는 의사소통 방법은 뭐야? 나는 직접 대면해서 이야기하는 걸 좋아해. 감정을 더 잘 전달할 수 있어서. 나도 그렇게 생각해!"

191, 일반, "언어 장벽을 극복하는 방법은 뭐라고 생각해? 기본적인 표현을 배우는 게 중요하다고 생각해. 맞아, 간단한 인사말만으로도 대화가 시작될 수 있어."

192, 일반, "의사소통에서 오해를 줄이는 방법은 뭐야? 명확하게 말하고, 상대방의 반응을 잘 살펴보는 게 중요해. 나도 그렇게 생각해!"

193, 일반, "가장 좋아하는 외국어 표현이 있어? 'Carpe Diem'이 정말 멋지다고 생각해. 순간을 즐기라는 의미잖아. 나도 그 표현 좋아해!"

194, 일반, "언어를 배우면서 가장 어려웠던 점은 뭐야? 문법이 복잡한 게 힘들었어. 특히 동사 변화가 어려워. 나도 그 부분이 힘들었어!"

195, 일반, "의사소통에서 감정 표현이 중요한 이유는 뭐라고 생각해? 감정을 잘 전달해야 상대방이 이해할 수 있다고 생각해. 맞아, 감정이 담긴 말이 더 깊은 의미를 가지지."

196, 일반, "언어를 배우는 데 가장 도움이 되는 자료는 뭐라고 생각해? 나는 영화나 드라마가 정말 도움이 된다고 생각해. 자연스러운 대화를 들을 수 있어서. 나도 그렇게 생각해!"

197, 일반, "가장 좋아하는 언어 관련 책이 있어? '언어의 역사'라는 책이 정말 흥미로웠어. 언어의 발전 과정을 알 수 있었거든. 나도 그 책 읽어보고 싶어!"

198, 일반, "의사소통에서 경청의 중요성에 대해 어떻게 생각해? 상대방의 말을 잘 들어야 진정한 대화가 이루어진다고 생각해. 맞아, 경청이 의사소통의 기본이지."

199, 일반, "언어와 생각의 관계에 대해 어떻게 생각해? 언어가 우리의 사고방식을 형성한다고 생각해. 맞아, 언어가 다르면 사고 방식도 다를 수 있어."

200, 일반, "스페인어로 간단한 인사 한번 해볼래? 그래, '¡Hola! ¿Cómo estás?' 이게 '안녕하세요! 어떻게 지내세요?'라는 뜻이야. 오, 발음이 멋지다! 나중에 같이 스페인 여행 가자."

201, 일반, "최근에 구매한 로봇청소기 어때? 정말 편해. 집안일이 훨씬 수월해졌어. 흡입력은 좋아? 응, 생각보다 강해. 소음은 어때? 조용한 편이야. 배터리는 오래가? 한 번 충전하면 202시간 정도 사용할 수 있어. 괜찮네. 나도 살까 고민 중이었는데."

202, 일반, "이사 준비는 잘 돼가? 응, 거의 다 됐어. 짐은 다 쌌어? 반 정도 했어. 도와줄까? 고마워, 주말에 와줄 수 있어? 당연하지. 뭐 가져가면 좋을까? 테이프랑 상자 좀 가져와 줘. 알겠어. 이사하는 날 저녁에 치킨 시켜 먹자."

203, 일반, "얼마 전에 구입한 공기청정기 성능이 어때? 생각보다 좋아. 미세먼지 제거가 잘 돼? 응, 눈에 띄게 공기가 깨끗해졌어. 소음은 어때? 조용해서 거의 못 들을 정도야. 전기세는 많이 나오지 않아? 생각보다 적게 나와. 에너지 효율이 좋아서 그런가 봐."

204, 일반, "요즘 홈카페 세팅한다며? 응, 커피 내리는 재미에 빠졌어. 어떤 도구들 샀어? 드립퍼랑 전동 그라인더 샀어. 원두는 어떤 걸로 해? 케냐 원두로 시작했어. 맛있겠다. 나 언제 한번 초대해줘."

205, 일반, "최근에 바꾼 매트리스 어때? 정말 편해. 허리 통증이 많이 줄었어. 어떤 종류로 샀어? 라텍스 매트리스로 샀어. 가격대는 어떻게 돼? 좀 비싸긴 했지만 투자할 만한 가치가 있었어. 나도 바꿔야 할 것 같아. 어디서 샀어?"

206, 일반, "요즘 집에서 요리 자주 해? 응, 에어프라이어 사고부터 자주 해. 어떤 요리 주로 해? 치킨이나 감자튀김 같은 거. 기름 없이 해서 좋더라. 세척은 쉬워? 응, 생각보다 간편해. 나도 하나 사야겠다."

207, 일반, "얼마 전에 구입한 식기세척기 쓰기 편해? 너무 좋아. 설거지 시간이 엄청 줄었어. 에너지 효율은 어때? 생각보다 괜찮아. 물도 적게 쓰고. 그럼 그릇도 깨끗이 닦이고? 응, 기대 이상으로 깨끗해. 나도 고민 중인데 추천해?"

208, 일반, "베란다에 화분 놨다며? 응, 작은 정원을 만들었어. 어떤 식물 키워? 허브랑 방울토마토 심었어. 관리하기 어렵지 않아? 생각보다 괜찮아. 물 주는 거 빼면 크게 신경 쓸 게 없어. 나도 해볼까? 좋아, 재미있을 거야."

209, 일반, "최근에 구매한 전기밥솥 어때? 밥맛이 확실히 좋아졌어. 어떤 기능이 제일 마음에 들어? 예약 기능이 진짜 편해. 아침에 따뜻한 밥 먹을 수 있어. 청소는 쉬워? 응, 내솥이 분리돼서 관리하기 좋아. 나도 바꿔야 할 것 같아."

210, 일반, "옷장 정리 어떻게 하고 있어? 요즘 옷걸이 정리법 써보고 있어. 뭔데 그게? 색깔별로 분류해서 걸어두는 거야. 효과 있어? 응, 옷 고르기가 훨씬 쉬워졌어. 나도 해봐야겠다. 옷장이 넓어 보이는 효과도 있더라."

211, 일반, "최근에 설치한 스마트 조명 어때? 너무 좋아. 휴대폰으로 제어할 수 있어. 밝기 조절도 돼? 응, 무드에 따라 다양하게 설정할 수 있어. 전기 절약은 되고? LED라 소비전력이 낮아. 설치는 어렵지 않았어? 생각보다 간단했어. 나도 설치해볼까 고민 중이야."

212, 일반, "요즘 집에서 운동한다며? 응, 홈트레이닝 시작했어. 어떤 운동기구 사용해? 요가매트랑 덤벨 정도? 공간을 많이 차지하진 않아? 아니, 수납도 쉽고 활용도가 높아. 효과는 있어? 꾸준히 하니까 몸이 좋아지는 게 느껴져. 나도 시작해볼까."

213, 일반, "얼마 전에 구입한 진공청소기 성능 어때? 흡입력이 정말 좋아. 무선이라 편리하고. 배터리는 오래가? 한 번 충전으로 집 전체 청소 가능해. 필터 관리는 어떻게 해? 분리해서 물로 씻을 수 있어, 편리해. 나도 살까 고민 중인데 추천해?"

214, 일반, "주방 수납 어떻게 하고 있어? 요즘 다이소 제품으로 정리했어. 어떤 제품 썼어? 선반이랑 수납함 주로 사용했지. 효과 있어? 응, 공간 활용도가 높아졌어. 비용은 많이 안 들었겠다. 맞아, 저렴하게 잘 정리했어. 나도 한번 가봐야겠다."

215, 일반, "최근에 교체한 커튼 어때? 암막 커튼으로 바꿨는데 너무 좋아. 잠자리가 편해졌겠다. 맞아, 수면의 질이 높아졌어. 여름에 냉방비도 절약될 것 같아. 그것도 있고, 햇빛 차단돼서 TV 시청할 때도 좋아. 세탁은 어떻게 해? 세탁소에 맡기고 있어."

216, 일반, "화장실 청소 어떻게 하고 있어? 요즘 친환경 세제 쓰고 있어. 효과 있어? 응, 냄새도 적고 깨끗해. 어떤 제품 써? 베이킹소다랑 식초 주로 사용해. 손이 안 상해? 오히려 화학세제보다 덜 해. 나도 한번 써봐야겠다."

217, 일반, "얼마 전에 구매한 전자레인지 기능 어때? 다양한 요리 모드가 있어서 편리해. 어떤 요리에 주로 써? 해동이나 간단한 조리에 많이 사용해. 청소는 쉬워? 내부가 코팅돼서 닦기 쉬워. 에너지 효율은 어때? 생각보다 좋아, 전기세 크게 안 나와."

218, 일반, "옷 정리할 때 뭐 사용해? 요즘 압축팩 쓰고 있어. 효과 있어? 응, 공간이 많이 절약돼. 계절 옷 보관할 때 특히 좋아. 냄새나 습기는 안 차? 지퍼백이라 밀폐가 잘 돼. 나도 사용해볼까? 추천해, 옷장이 넓어 보여."

219, 일반, "최근에 구입한 선풍기 성능 어때? 무풍 모드가 있어서 좋아. 소음은 어때? 조용해서 잘 때도 틀어놔. 전기세는 많이 나오지 않아? LED라 소비전력이 낮아. 리모컨 기능도 있어? 응, 스마트폰으로도 제어 가능해. 나도 하나 사야겠다."

220, 일반, "주방 식기 어떻게 보관해? 요즘 다용도 선반 사용 중이야. 공간 활용이 좋아? 응, 수직 공간을 잘 활용할 수 있어. 조립은 어렵지 않았어? 간단한 편이었어, 설명서 보고 했어. 튼튼해? 생각보다 견고해, 만족해. 나도 주방 정리가 필요한데 참고해야겠다."

221, 일반, "최근에 구매한 에어프라이어 어때? 정말 편리해. 기름 없이 요리할 수 있어서 좋아. 어떤 요리 주로 해? 치킨이나 감자튀김 많이 해. 세척은 쉬워? 응, 논스틱 코팅이라 간단해. 용량은 적당해? 222인 가족 기준으로 딱 좋아. 나도 살까 고민 중인데 추천해?"

222, 일반, "베개 바꿨다며? 응, 메모리폼 베개로 바꿨어. 목 통증은 좀 나아졌어? 확실히 편해졌어. 처음엔 좀 높다고 느꼈는데 적응되니 좋아. 세탁은 어떻게 해? 커버만 분리해서 빨 수 있어. 나도 바꿔야 할 것 같은데 어디서 샀어?"

223, 일반, "옷장 정리 어떻게 하고 있어? 요즘 수납함 활용하고 있어. 어떤 걸로 샀어? 투명한 플라스틱 수납함으로 샀어. 효과 있어? 응, 옷 종류별로 구분하기 좋아. 공간도 많이 절약되고. 스타일별로 나눴어? 응, 그리고 계절별로도 구분했어. 나도 해봐야겠다."

224, 일반, "최근에 구입한 전기포트 어때? 온도 조절 기능이 있어서 편리해. 어떤 용도로 주로 써? 차 마실 때 온도 맞추기 좋아. 물 끓이는 시간은 어때? 생각보다 빨라. 소음은 어느 정도야? 조용한 편이야. 청소는 쉬워? 내부가 넓어서 손 넣기 편해. 나도 하나 사야겠어."

225, 일반, "화분 관리 어떻게 하고 있어? 요즘 자동 급수 장치 사용 중이야. 효과 있어? 응, 여행 갈 때도 안심이 돼. 설치는 어렵지 않았어? 간단해, 화분에 꽂기만 하면 돼. 어떤 식물에 사용 중이야? 관엽식물이랑 허브에 주로 써. 나도 필요할 것 같은데 어디서 구매했어?"

226, 일반, "최근에 설치한 블라인드 어때? 암막 효과가 좋아서 만족해. 설치는 어렵지 않았어? 생각보다 간단했어, 도구도 같이 줬고. 먼지가 많이 끼진 않아? 정전기 방지 처리돼서 괜찮아. 세탁은 어떻게 해? 분리해서 손세탁 가능해. 나도 교체해야 하는데 어디서 샀어?"

227, 일반, "주방 후드 청소 어떻게 해? 요즘 베이킹소다로 하고 있어. 효과 있어? 기름때가 잘 제거돼. 냄새는 어때? 확실히 좋아졌어. 자주 하는 편이야? 한 달에 한 번 정도. 오래 걸리진 않아? 228분 정도면 충분해. 나도 해봐야겠다, 방법 좀 자세히 알려줘."

228, 일반, "새로 산 전기면도기 성능 어때? 피부 자극이 적어서 좋아. 배터리는 오래가? 한 번 충전으로 229주 정도 써. 세척은 편해? 방수라 물에 헹구기만 해도 돼. 여행갈 때 들고 다니기는 어때? 가벼워서 휴대하기 좋아. 나도 살까 고민 중인데 추천해?"

229, 일반, "옷 건조대 새로 샀다며? 응, 접이식으로 샀어. 공간 활용도가 좋아? 응, 사용 후 접어두면 공간 차지를 거의 안 해. 튼튼해? 생각보다 견고해, 무거운 옷도 잘 걸려. 옷 마르는 속도는 어때? 통풍이 잘 돼서 빨리 마르더라. 어디서 구매했어? 나도 필요한데."

230, 일반, "새로 산 스탠드 조명 어때? LED라 눈의 피로가 덜해. 밝기 조절 돼? 응, 231단계로 조절 가능해. 전기세는 많이 안 나오겠다. 맞아, 소비전력이 낮아. 디자인은 마음에 들어? 심플해서 어디에나 잘 어울려. 나도 책상용으로 하나 사려고 하는데 추천해?"

231, 일반, "너의 집에서 가장 좋아하는 공간은 어디야? 나는 거실이 제일 좋아. 가족과 함께 시간을 보낼 수 있어서. 나도 거실이 좋아! 편안한 느낌이 들어."

232, 일반, "최근에 어떤 생활용품을 새로 샀어? 나는 새로운 커피 머신을 샀어. 아침마다 신선한 커피를 마시는 게 정말 좋아. 나도 커피 머신 사고 싶어!"

233, 일반, "집을 꾸밀 때 가장 중요하게 생각하는 요소는 뭐야? 나는 색감이 정말 중요하다고 생각해. 분위기를 좌우하니까. 맞아, 색상이 집의 느낌을 많이 바꿔!"

234, 일반, "너의 방을 어떻게 꾸며놨는지 보여줄 수 있어? 나는 벽에 사진을 많이 붙여놨어. 추억을 간직하고 싶어서. 나도 사진을 많이 걸어두고 싶어!"

235, 일반, "생활용품 중에서 가장 유용한 건 뭐라고 생각해? 나는 다용도 청소기가 정말 유용하다고 생각해. 여러 용도로 쓸 수 있어서 좋아. 나도 그거 정말 필요해!"

236, 일반, "주방에서 가장 좋아하는 도구는 뭐야? 나는 좋은 칼이 정말 중요하다고 생각해. 요리할 때 편리하니까. 맞아, 좋은 칼이 요리를 쉽게 만들어줘!"

237, 일반, "너의 집에서 가장 아끼는 물건은 뭐야? 나는 할머니가 주신 도자기 그릇을 아끼고 있어. 특별한 의미가 있어서. 나도 그런 물건이 있어!"

238, 일반, "집에서 가장 많이 사용하는 가전제품은 뭐야? 나는 세탁기가 제일 많이 사용해. 매일 세탁해야 하니까. 나도 세탁기가 필수야!"

239, 일반, "생활용품을 구매할 때 가장 중요하게 생각하는 점은 뭐야? 나는 품질이 가장 중요하다고 생각해. 오래 사용할 수 있어야 하니까. 맞아, 품질이 중요해!"

240, 일반, "너의 집에서 가장 좋아하는 향기는 뭐야? 나는 라벤더 향이 정말 좋아. 편안한 느낌을 줘서. 나도 라벤더 향을 좋아해!"

241, 일반, "집을 청소할 때 가장 싫어하는 부분은 뭐야? 나는 화장실 청소가 제일 힘들어. 항상 신경 써야 하니까. 나도 화장실 청소가 힘들어!"

242, 일반, "너의 방에 어떤 식물 키우고 있어? 나는 공기 정화 식물을 몇 개 키우고 있어. 집안 공기가 좋아지는 것 같아. 나도 식물 키우고 싶어!"

243, 일반, "주방에서 가장 좋아하는 요리는 뭐야? 나는 파스타를 자주 만들어. 간단하면서도 맛있어서 좋아. 나도 파스타 좋아해!"

244, 일반, "집에서 가장 좋아하는 취미는 뭐야? 나는 DIY를 정말 좋아해. 집을 꾸미는 재미가 있어. 나도 DIY 프로젝트 해보고 싶어!"

245, 일반, "너의 집에서 가장 좋아하는 조명은 뭐야? 나는 따뜻한 색의 조명이 좋아. 아늑한 분위기를 만들어줘. 맞아, 조명이 분위기를 많이 바꿔!"

246, 일반, "생활용품 중에서 꼭 필요한 것과 불필요한 것의 차이는 뭐라고 생각해? 꼭 필요한 건 일상에서 자주 사용하는 것 같아. 맞아, 불필요한 건 그냥 공간만 차지하지."

247, 일반, "너의 집에서 가장 좋아하는 가구는 뭐야? 나는 소파가 제일 좋아. 편안하게 쉴 수 있어서. 나도 소파가 제일 편해!"

248, 일반, "주방에서 가장 많이 사용하는 조리 도구는 뭐야? 나는 후라이팬을 자주 사용해. 다양한 요리를 할 수 있어서 좋아. 맞아, 후라이팬이 필수지!"

249, 일반, "너의 집에서 가장 좋아하는 색상은 뭐야? 나는 파란색이 좋아. 차분한 느낌이 들어서. 나도 파란색을 좋아해!"

250, 일반, "생활용품을 정리할 때 가장 유용한 팁이 있어? 나는 카테고리별로 정리하는 게 좋다고 생각해. 찾기 쉬워지니까. 맞아, 정리정돈이 중요해!"